Workbook

Sheet RTM Final
A1: Módulo | B1: ID Requerimiento | C1: ID Condición | D1: Descripción de condición | E1: ID Caso | F1: Nombre del caso | G1: Técnica aplicada | H1: ID Dato | I1: Datos de entrada | J1: Resultado esperado | K1: Estado ciclo 1 | L1: Estado final | M1: Defecto asociado | N1: Estado del defecto | O1: Observación
A2: REQ001 | B2: REQ001-A | C2: CT-001 | D2: Autenticación y credenciales | E2: TC-REQ001-001 | F2: Inicio de sesión con credenciales válidas | G2: Partición de equivalencia | H2: TD-001 | I2: Correo: admin.qa@example.com Contraseña: QaSegura123 Rol: Administrador Estado: Activo | J2: Autentica y permite acceso a funcionalidades autorizadas. | K2: =INDEX('Log de Ejecución'!$J$2:$J$41,MATCH($E2,'Log de Ejecución'!$A$2:$A$41,0)) -> Pass | L2: =INDEX('Log de Ejecución'!$O$2:$O$41,MATCH($E2,'Log de Ejecución'!$A$2:$A$41,0)) -> Pass | M2: =INDEX('Log de Ejecución'!$N$2:$N$41,MATCH($E2,'Log de Ejecución'!$A$2:$A$41,0)) -> No registrado | N2: =IFERROR(INDEX('Bug Tracker'!$H$2:$H$200,MATCH(M2,'Bug Tracker'!$A$2:$A$200,0)),"—") -> —
A3: REQ001 | B3: REQ001-A | C3: CT-001 | D3: Autenticación y credenciales | E3: TC-REQ001-002 | F3: Inicio de sesión con contraseña incorrecta | G3: Partición de equivalencia | H3: TD-002 | I3: Correo: admin.qa@example.com Contraseña: Incorrecta123 Rol: Administrador | J3: Rechaza autenticación, no crea sesión y bloquea módulos protegidos. | K3: =INDEX('Log de Ejecución'!$J$2:$J$41,MATCH($E3,'Log de Ejecución'!$A$2:$A$41,0)) -> Pass | L3: =INDEX('Log de Ejecución'!$O$2:$O$41,MATCH($E3,'Log de Ejecución'!$A$2:$A$41,0)) -> Pass | M3: =INDEX('Log de Ejecución'!$N$2:$N$41,MATCH($E3,'Log de Ejecución'!$A$2:$A$41,0)) -> No registrado | N3: =IFERROR(INDEX('Bug Tracker'!$H$2:$H$200,MATCH(M3,'Bug Tracker'!$A$2:$A$200,0)),"—") -> —
A4: REQ001 | B4: REQ001-A | C4: CT-002 | D4: Permisos según rol | E4: TC-REQ001-003 | F4: Acceso permitido según rol de usuario | G4: Tabla de decisión | H4: TD-003 | I4: Correo: admin.qa@example.com Rol: Administrador Operación: Consultar usuarios Permiso: Permitido | J4: Autoriza operación y muestra listado según permisos oficiales. | K4: =INDEX('Log de Ejecución'!$J$2:$J$41,MATCH($E4,'Log de Ejecución'!$A$2:$A$41,0)) -> Pass | L4: =INDEX('Log de Ejecución'!$O$2:$O$41,MATCH($E4,'Log de Ejecución'!$A$2:$A$41,0)) -> Pass | M4: =INDEX('Log de Ejecución'!$N$2:$N$41,MATCH($E4,'Log de Ejecución'!$A$2:$A$41,0)) -> No registrado | N4: =IFERROR(INDEX('Bug Tracker'!$H$2:$H$200,MATCH(M4,'Bug Tracker'!$A$2:$A$200,0)),"—") -> — | O4: Aclaración de diseño: Confirmar matriz de permisos oficial.
A5: REQ001 | B5: REQ001-A | C5: CT-002 | D5: Permisos según rol | E5: TC-REQ001-004 | F5: Acceso denegado a módulo no autorizado | G5: Tabla de decisión | H5: TD-004 | I5: Correo: piloto.qa@example.com Rol: Piloto Operación: Consultar usuarios Permiso: Denegado | J5: API responde HTTP 403 sin revelar datos administrativos. | K5: =INDEX('Log de Ejecución'!$J$2:$J$41,MATCH($E5,'Log de Ejecución'!$A$2:$A$41,0)) -> Pass | L5: =INDEX('Log de Ejecución'!$O$2:$O$41,MATCH($E5,'Log de Ejecución'!$A$2:$A$41,0)) -> Pass | M5: =INDEX('Log de Ejecución'!$N$2:$N$41,MATCH($E5,'Log de Ejecución'!$A$2:$A$41,0)) -> No registrado | N5: =IFERROR(INDEX('Bug Tracker'!$H$2:$H$200,MATCH(M5,'Bug Tracker'!$A$2:$A$200,0)),"—") -> — | O5: Aclaración de diseño: Confirmar matriz de permisos oficial.
A6: REQ001 | B6: REQ001-B | C6: CT-003 | D6: Duplicidad en catálogos | E6: TC-REQ001-005 | F6: Registro duplicado en catálogo de clientes | G6: Partición de equivalencia | H6: TD-005 | I6: Nombre: Cliente QA Duplicado NIT: 1234567-8 Registro previo: mismo NIT | J6: Rechaza duplicado; conserva un solo registro sin modificar original. | K6: =INDEX('Log de Ejecución'!$J$2:$J$41,MATCH($E6,'Log de Ejecución'!$A$2:$A$41,0)) -> Fail | L6: =INDEX('Log de Ejecución'!$O$2:$O$41,MATCH($E6,'Log de Ejecución'!$A$2:$A$41,0)) -> Pass | M6: =INDEX('Log de Ejecución'!$N$2:$N$41,MATCH($E6,'Log de Ejecución'!$A$2:$A$41,0)) -> BUG-CLI-01 | N6: =IFERROR(INDEX('Bug Tracker'!$H$2:$H$200,MATCH(M6,'Bug Tracker'!$A$2:$A$200,0)),"—") -> Cerrado | O6: Falló en ciclo 1 (BUG-CLI-01); corregido y verificado en regresión el 20/10/2026.
A7: REQ001 | B7: REQ001-A | C7: CT-011 | D7: Longitud mínima de contraseña | E7: TC-REQ001-006 | F7: Contraseña inferior a longitud mínima | G7: Análisis de valores límite | H7: TD-006 | I7: Contraseña: Ab123 Longitud: 5 Mínimo implementado: 6 | J7: Rechaza contraseña de cinco caracteres y no la guarda. | K7: =INDEX('Log de Ejecución'!$J$2:$J$41,MATCH($E7,'Log de Ejecución'!$A$2:$A$41,0)) -> Pass | L7: =INDEX('Log de Ejecución'!$O$2:$O$41,MATCH($E7,'Log de Ejecución'!$A$2:$A$41,0)) -> Pass | M7: =INDEX('Log de Ejecución'!$N$2:$N$41,MATCH($E7,'Log de Ejecución'!$A$2:$A$41,0)) -> No registrado | N7: =IFERROR(INDEX('Bug Tracker'!$H$2:$H$200,MATCH(M7,'Bug Tracker'!$A$2:$A$200,0)),"—") -> — | O7: Aclaración de diseño: Confirmar política de contraseña.
A8: REQ001 | B8: REQ001-A | C8: CT-011 | D8: Longitud mínima de contraseña | E8: TC-REQ001-007 | F8: Contraseña igual a longitud mínima | G8: Análisis de valores límite | H8: TD-007 | I8: Contraseña: Ab1234 Longitud: 6 Mínimo implementado: 6 | J8: Supera control de longitud; aceptación final depende de otras reglas. | K8: =INDEX('Log de Ejecución'!$J$2:$J$41,MATCH($E8,'Log de Ejecución'!$A$2:$A$41,0)) -> Pass | L8: =INDEX('Log de Ejecución'!$O$2:$O$41,MATCH($E8,'Log de Ejecución'!$A$2:$A$41,0)) -> Pass | M8: =INDEX('Log de Ejecución'!$N$2:$N$41,MATCH($E8,'Log de Ejecución'!$A$2:$A$41,0)) -> No registrado | N8: =IFERROR(INDEX('Bug Tracker'!$H$2:$H$200,MATCH(M8,'Bug Tracker'!$A$2:$A$200,0)),"—") -> — | O8: Aclaración de diseño: Confirmar política de contraseña.
A9: REQ001 | B9: REQ001-A | C9: CT-011 | D9: Longitud mínima de contraseña | E9: TC-REQ001-008 | F9: Contraseña superior a longitud mínima | G9: Análisis de valores límite | H9: TD-008 | I9: Contraseña: Ab12345 Longitud: 7 Mínimo implementado: 6 | J9: Supera control de longitud; no se rechaza exclusivamente por tener 7 caracteres. | K9: =INDEX('Log de Ejecución'!$J$2:$J$41,MATCH($E9,'Log de Ejecución'!$A$2:$A$41,0)) -> Pass | L9: =INDEX('Log de Ejecución'!$O$2:$O$41,MATCH($E9,'Log de Ejecución'!$A$2:$A$41,0)) -> Pass | M9: =INDEX('Log de Ejecución'!$N$2:$N$41,MATCH($E9,'Log de Ejecución'!$A$2:$A$41,0)) -> No registrado | N9: =IFERROR(INDEX('Bug Tracker'!$H$2:$H$200,MATCH(M9,'Bug Tracker'!$A$2:$A$200,0)),"—") -> — | O9: Aclaración de diseño: Confirmar política de contraseña.
A10: REQ002 | B10: REQ002-A | C10: CT-004 | D10: Cálculo de peso neto | E10: TC-REQ002-001 | F10: Cálculo correcto del peso neto | G10: Partición de equivalencia | H10: TD-009 | I10: Lote: LOT-QA-001 Bruto: 25.00 kg Tara: 2.00 kg Neto: 23.00 kg | J10: Registra neto de 23.00 kg (25.00 − 2.00). | K10: =INDEX('Log de Ejecución'!$J$2:$J$41,MATCH($E10,'Log de Ejecución'!$A$2:$A$41,0)) -> Skipped | L10: =INDEX('Log de Ejecución'!$O$2:$O$41,MATCH($E10,'Log de Ejecución'!$A$2:$A$41,0)) -> Skipped | M10: =INDEX('Log de Ejecución'!$N$2:$N$41,MATCH($E10,'Log de Ejecución'!$A$2:$A$41,0)) -> N/A – fuera de alcance | N10: =IFERROR(INDEX('Bug Tracker'!$H$2:$H$200,MATCH(M10,'Bug Tracker'!$A$2:$A$200,0)),"—") -> — | O10: Fuera del alcance de esta versión (captura de tara), por decisión del equipo.
A11: REQ002 | B11: REQ002-A | C11: CT-004 | D11: Cálculo de peso neto | E11: TC-REQ002-002 | F11: Tara superior al peso bruto | G11: Partición de equivalencia | H11: TD-010 | I11: Lote: LOT-QA-002 Bruto: 20 kg Tara: 25 kg Neto matemático: −5 kg | J11: Rechazar tara superior al bruto; regla propuesta pendiente de confirmar. | K11: =INDEX('Log de Ejecución'!$J$2:$J$41,MATCH($E11,'Log de Ejecución'!$A$2:$A$41,0)) -> Fail | L11: =INDEX('Log de Ejecución'!$O$2:$O$41,MATCH($E11,'Log de Ejecución'!$A$2:$A$41,0)) -> Pass | M11: =INDEX('Log de Ejecución'!$N$2:$N$41,MATCH($E11,'Log de Ejecución'!$A$2:$A$41,0)) -> BUG-REC-01 | N11: =IFERROR(INDEX('Bug Tracker'!$H$2:$H$200,MATCH(M11,'Bug Tracker'!$A$2:$A$200,0)),"—") -> Cerrado | O11: Falló en ciclo 1 (BUG-REC-01); corregido y verificado en regresión el 20/10/2026.
A12: REQ002 | B12: REQ002-B | C12: CT-005 | D12: Umbral de maduración Brix | E12: TC-REQ002-003 | F12: Maduración inferior al umbral | G12: Análisis de valores límite | H12: TD-011 | I12: Sublote: SUB-QA-001 Medición: 21 Brix Umbral: 22 Brix | J12: No promociona automáticamente a Listo para Producción. | K12: =INDEX('Log de Ejecución'!$J$2:$J$41,MATCH($E12,'Log de Ejecución'!$A$2:$A$41,0)) -> Pass | L12: =INDEX('Log de Ejecución'!$O$2:$O$41,MATCH($E12,'Log de Ejecución'!$A$2:$A$41,0)) -> Pass | M12: =INDEX('Log de Ejecución'!$N$2:$N$41,MATCH($E12,'Log de Ejecución'!$A$2:$A$41,0)) -> No registrado | N12: =IFERROR(INDEX('Bug Tracker'!$H$2:$H$200,MATCH(M12,'Bug Tracker'!$A$2:$A$200,0)),"—") -> —
A13: REQ002 | B13: REQ002-B | C13: CT-005 | D13: Umbral de maduración Brix | E13: TC-REQ002-004 | F13: Maduración igual al umbral | G13: Análisis de valores límite | H13: TD-012 | I13: Sublote: SUB-QA-002 Medición: 22 Brix Umbral: 22 Brix | J13: Promociona si se satisfacen las demás condiciones. | K13: =INDEX('Log de Ejecución'!$J$2:$J$41,MATCH($E13,'Log de Ejecución'!$A$2:$A$41,0)) -> Pass | L13: =INDEX('Log de Ejecución'!$O$2:$O$41,MATCH($E13,'Log de Ejecución'!$A$2:$A$41,0)) -> Pass | M13: =INDEX('Log de Ejecución'!$N$2:$N$41,MATCH($E13,'Log de Ejecución'!$A$2:$A$41,0)) -> No registrado | N13: =IFERROR(INDEX('Bug Tracker'!$H$2:$H$200,MATCH(M13,'Bug Tracker'!$A$2:$A$200,0)),"—") -> — | O13: Aclaración de diseño: Conciliar umbral configurable con rango documentado.
A14: REQ002 | B14: REQ002-B | C14: CT-005 | D14: Umbral de maduración Brix | E14: TC-REQ002-005 | F14: Maduración superior al umbral | G14: Análisis de valores límite | H14: TD-013 | I14: Sublote: SUB-QA-003 Medición: 23 Brix Umbral: 22 Brix | J14: Promociona al superar umbral, sujeto a demás condiciones. | K14: =INDEX('Log de Ejecución'!$J$2:$J$41,MATCH($E14,'Log de Ejecución'!$A$2:$A$41,0)) -> Pass | L14: =INDEX('Log de Ejecución'!$O$2:$O$41,MATCH($E14,'Log de Ejecución'!$A$2:$A$41,0)) -> Pass | M14: =INDEX('Log de Ejecución'!$N$2:$N$41,MATCH($E14,'Log de Ejecución'!$A$2:$A$41,0)) -> No registrado | N14: =IFERROR(INDEX('Bug Tracker'!$H$2:$H$200,MATCH(M14,'Bug Tracker'!$A$2:$A$200,0)),"—") -> — | O14: Aclaración de diseño: Conciliar umbral configurable con rango documentado.
A15: REQ002 | B15: REQ002-A | C15: CT-012 | D15: Acumulación de pesos por cajas | E15: TC-REQ002-006 | F15: Acumulación de peso neto por cajas | G15: Partición de equivalencia | H15: TD-014 | I15: Lote: LOT-QA-003 C1: 20−2=18 kg C2: 25−2=23 kg C3: 30−3=27 kg Total: 68 kg | J15: Netos 18, 23 y 27 kg; acumulado neto 68 kg y bruto 75 kg. | K15: =INDEX('Log de Ejecución'!$J$2:$J$41,MATCH($E15,'Log de Ejecución'!$A$2:$A$41,0)) -> Skipped | L15: =INDEX('Log de Ejecución'!$O$2:$O$41,MATCH($E15,'Log de Ejecución'!$A$2:$A$41,0)) -> Skipped | M15: =INDEX('Log de Ejecución'!$N$2:$N$41,MATCH($E15,'Log de Ejecución'!$A$2:$A$41,0)) -> N/A – fuera de alcance | N15: =IFERROR(INDEX('Bug Tracker'!$H$2:$H$200,MATCH(M15,'Bug Tracker'!$A$2:$A$200,0)),"—") -> — | O15: Fuera del alcance de esta versión (captura de tara), por decisión del equipo.
A16: REQ002 | B16: REQ002-B | C16: CT-013 | D16: Transición de maduración | E16: TC-REQ002-007 | F16: Transición a Listo para Producción | G16: Transición de estados | H16: TD-015 | I16: Sublote: SUB-QA-004 Estado inicial: En Maduración (por confirmar) Mediciones: 21 y 22 Brix | J16: No promociona con 21; promociona con 22 si corresponde. Confirmar nomenclatura. | K16: =INDEX('Log de Ejecución'!$J$2:$J$41,MATCH($E16,'Log de Ejecución'!$A$2:$A$41,0)) -> Pass | L16: =INDEX('Log de Ejecución'!$O$2:$O$41,MATCH($E16,'Log de Ejecución'!$A$2:$A$41,0)) -> Pass | M16: =INDEX('Log de Ejecución'!$N$2:$N$41,MATCH($E16,'Log de Ejecución'!$A$2:$A$41,0)) -> No registrado | N16: =IFERROR(INDEX('Bug Tracker'!$H$2:$H$200,MATCH(M16,'Bug Tracker'!$A$2:$A$200,0)),"—") -> — | O16: Aclaración de diseño: Confirmar estados y condiciones de promoción.
A17: REQ002 | B17: REQ002-B | C17: CT-013 | D17: Transición de maduración | E17: TC-REQ002-008 | F17: Prevención de promoción prematura | G17: Transición de estados | H17: TD-016 | I17: Sublote: SUB-QA-005 Medición: 20 Brix Umbral: 22 Brix | J17: No cambia automáticamente a Listo para Producción. | K17: =INDEX('Log de Ejecución'!$J$2:$J$41,MATCH($E17,'Log de Ejecución'!$A$2:$A$41,0)) -> Pass | L17: =INDEX('Log de Ejecución'!$O$2:$O$41,MATCH($E17,'Log de Ejecución'!$A$2:$A$41,0)) -> Pass | M17: =INDEX('Log de Ejecución'!$N$2:$N$41,MATCH($E17,'Log de Ejecución'!$A$2:$A$41,0)) -> No registrado | N17: =IFERROR(INDEX('Bug Tracker'!$H$2:$H$200,MATCH(M17,'Bug Tracker'!$A$2:$A$200,0)),"—") -> — | O17: Aclaración de diseño: Confirmar estados y condiciones de promoción.
A18: REQ003 | B18: REQ003-A | C18: CT-006 | D18: Registro de etapas y mermas | E18: TC-REQ003-001 | F18: Registro correcto de etapa de producción | G18: Partición de equivalencia | H18: TD-017 | I18: Lote: LOT-QA-P001 Etapa: Pelado Entrada: 100 kg Salida: 90 kg Merma: 10 kg Responsable: OPER-QA-01 | J18: Registra etapa, pesos, merma y personal responsable. | K18: =INDEX('Log de Ejecución'!$J$2:$J$41,MATCH($E18,'Log de Ejecución'!$A$2:$A$41,0)) -> Pass | L18: =INDEX('Log de Ejecución'!$O$2:$O$41,MATCH($E18,'Log de Ejecución'!$A$2:$A$41,0)) -> Pass | M18: =INDEX('Log de Ejecución'!$N$2:$N$41,MATCH($E18,'Log de Ejecución'!$A$2:$A$41,0)) -> No registrado | N18: =IFERROR(INDEX('Bug Tracker'!$H$2:$H$200,MATCH(M18,'Bug Tracker'!$A$2:$A$200,0)),"—") -> —
A19: REQ003 | B19: REQ003-A | C19: CT-006 | D19: Registro de etapas y mermas | E19: TC-REQ003-002 | F19: Merma superior al peso de entrada | G19: Partición de equivalencia | H19: TD-018 | I19: Lote: LOT-QA-P002 Etapa: Corte Entrada: 50 kg Salida: 0 kg Merma: 60 kg | J19: Rechazar inconsistencia física; regla pendiente de validación de negocio. | K19: =INDEX('Log de Ejecución'!$J$2:$J$41,MATCH($E19,'Log de Ejecución'!$A$2:$A$41,0)) -> Fail | L19: =INDEX('Log de Ejecución'!$O$2:$O$41,MATCH($E19,'Log de Ejecución'!$A$2:$A$41,0)) -> Pass | M19: =INDEX('Log de Ejecución'!$N$2:$N$41,MATCH($E19,'Log de Ejecución'!$A$2:$A$41,0)) -> BUG-PRO-01 | N19: =IFERROR(INDEX('Bug Tracker'!$H$2:$H$200,MATCH(M19,'Bug Tracker'!$A$2:$A$200,0)),"—") -> Cerrado | O19: Falló en ciclo 1 (BUG-PRO-01); corregido y verificado en regresión el 20/10/2026.
A20: REQ003 | B20: REQ003-B | C20: CT-007 | D20: Balance de masa y cierre | E20: TC-REQ003-003 | F20: Cierre con balance correcto | G20: Tabla de decisión | H20: TD-019 | I20: Proceso: PROD-QA-003 Entrada: 100 kg Merma: 15 kg Producido: 85 kg Diferencia: 0 | J20: Permite cierre: 100 − 15 = 85 kg. | K20: =INDEX('Log de Ejecución'!$J$2:$J$41,MATCH($E20,'Log de Ejecución'!$A$2:$A$41,0)) -> Pass | L20: =INDEX('Log de Ejecución'!$O$2:$O$41,MATCH($E20,'Log de Ejecución'!$A$2:$A$41,0)) -> Pass | M20: =INDEX('Log de Ejecución'!$N$2:$N$41,MATCH($E20,'Log de Ejecución'!$A$2:$A$41,0)) -> No registrado | N20: =IFERROR(INDEX('Bug Tracker'!$H$2:$H$200,MATCH(M20,'Bug Tracker'!$A$2:$A$200,0)),"—") -> —
A21: REQ003 | B21: REQ003-B | C21: CT-007 | D21: Balance de masa y cierre | E21: TC-REQ003-004 | F21: Cierre con diferencia sin justificación | G21: Tabla de decisión | H21: TD-020 | I21: Proceso: PROD-QA-004 Entrada: 100 kg Merma: 10 kg Producido: 85 kg Diferencia: 5 kg Justificación: Vacía | J21: Rechaza cierre; proceso permanece abierto. | K21: =INDEX('Log de Ejecución'!$J$2:$J$41,MATCH($E21,'Log de Ejecución'!$A$2:$A$41,0)) -> Pass | L21: =INDEX('Log de Ejecución'!$O$2:$O$41,MATCH($E21,'Log de Ejecución'!$A$2:$A$41,0)) -> Pass | M21: =INDEX('Log de Ejecución'!$N$2:$N$41,MATCH($E21,'Log de Ejecución'!$A$2:$A$41,0)) -> No registrado | N21: =IFERROR(INDEX('Bug Tracker'!$H$2:$H$200,MATCH(M21,'Bug Tracker'!$A$2:$A$200,0)),"—") -> —
A22: REQ003 | B22: REQ003-B | C22: CT-007 | D22: Balance de masa y cierre | E22: TC-REQ003-005 | F22: Cierre con diferencia justificada | G22: Tabla de decisión | H22: TD-021 | I22: Proceso: PROD-QA-005 Entrada: 100 kg Merma: 10 kg Producido: 85 kg Diferencia: 5 kg Justificación: Diferencia en pesaje manual. | J22: Ruta alternativa permite cierre con justificación explícita; autorización pendiente de confirmar. | K22: =INDEX('Log de Ejecución'!$J$2:$J$41,MATCH($E22,'Log de Ejecución'!$A$2:$A$41,0)) -> Pass | L22: =INDEX('Log de Ejecución'!$O$2:$O$41,MATCH($E22,'Log de Ejecución'!$A$2:$A$41,0)) -> Pass | M22: =INDEX('Log de Ejecución'!$N$2:$N$41,MATCH($E22,'Log de Ejecución'!$A$2:$A$41,0)) -> No registrado | N22: =IFERROR(INDEX('Bug Tracker'!$H$2:$H$200,MATCH(M22,'Bug Tracker'!$A$2:$A$200,0)),"—") -> — | O22: Aclaración de diseño: Confirmar autorización para justificar diferencia.
A23: REQ003 | B23: REQ003-B | C23: CT-015 | D23: Diferencia mínima de peso | E23: TC-REQ003-006 | F23: Balance con diferencia mínima | G23: Análisis de valores límite | H23: TD-022 | I23: Proceso: PROD-QA-006 Entrada: 100.00 kg Merma: 10.00 kg Producido: 89.99 kg Diferencia: 0.01 kg | J23: Si no existe tolerancia, rechaza cierre; tolerancias pendientes de confirmar. | K23: =INDEX('Log de Ejecución'!$J$2:$J$41,MATCH($E23,'Log de Ejecución'!$A$2:$A$41,0)) -> Pass | L23: =INDEX('Log de Ejecución'!$O$2:$O$41,MATCH($E23,'Log de Ejecución'!$A$2:$A$41,0)) -> Pass | M23: =INDEX('Log de Ejecución'!$N$2:$N$41,MATCH($E23,'Log de Ejecución'!$A$2:$A$41,0)) -> No registrado | N23: =IFERROR(INDEX('Bug Tracker'!$H$2:$H$200,MATCH(M23,'Bug Tracker'!$A$2:$A$200,0)),"—") -> — | O23: Aclaración de diseño: Confirmar tolerancia y precisión del balance.
A24: REQ003 | B24: REQ003-A | C24: CT-014 | D24: Merma igual a peso de entrada | E24: TC-REQ003-007 | F24: Merma igual al peso de entrada | G24: Análisis de valores límite | H24: TD-023 | I24: Lote: LOT-QA-P007 Etapa: Corte Entrada: 50 kg Merma: 50 kg Salida: 0 kg | J24: No produce negativos ni errores; aceptación del rendimiento 0% por confirmar. | K24: =INDEX('Log de Ejecución'!$J$2:$J$41,MATCH($E24,'Log de Ejecución'!$A$2:$A$41,0)) -> Pass | L24: =INDEX('Log de Ejecución'!$O$2:$O$41,MATCH($E24,'Log de Ejecución'!$A$2:$A$41,0)) -> Pass | M24: =INDEX('Log de Ejecución'!$N$2:$N$41,MATCH($E24,'Log de Ejecución'!$A$2:$A$41,0)) -> No registrado | N24: =IFERROR(INDEX('Bug Tracker'!$H$2:$H$200,MATCH(M24,'Bug Tracker'!$A$2:$A$200,0)),"—") -> — | O24: Aclaración de diseño: Confirmar tratamiento de rendimiento cero.
A25: REQ003 | B25: REQ003-B | C25: CT-016 | D25: Justificación vacía | E25: TC-REQ003-008 | F25: Justificación compuesta solo por espacios | G25: Tabla de decisión | H25: TD-024 | I25: Proceso: PROD-QA-008 Entrada: 200 kg Merma: 20 kg Producido: 175 kg Diferencia: 5 kg Justificación: " " | J25: Trata espacios como vacío y rechaza cierre; regla propuesta por confirmar. | K25: =INDEX('Log de Ejecución'!$J$2:$J$41,MATCH($E25,'Log de Ejecución'!$A$2:$A$41,0)) -> Fail | L25: =INDEX('Log de Ejecución'!$O$2:$O$41,MATCH($E25,'Log de Ejecución'!$A$2:$A$41,0)) -> Pass | M25: =INDEX('Log de Ejecución'!$N$2:$N$41,MATCH($E25,'Log de Ejecución'!$A$2:$A$41,0)) -> BUG-PRO-02 | N25: =IFERROR(INDEX('Bug Tracker'!$H$2:$H$200,MATCH(M25,'Bug Tracker'!$A$2:$A$200,0)),"—") -> Cerrado | O25: Falló en ciclo 1 (BUG-PRO-02); corregido y verificado en regresión el 20/10/2026.
A26: REQ004 | B26: REQ004-A | C26: CT-008 | D26: Disponibilidad de vehículo y piloto | E26: TC-REQ004-001 | F26: Ruta con vehículo y piloto disponibles | G26: Tabla de decisión | H26: TD-025 | I26: Ruta: RUT-QA-001 Pedido: PED-QA-001 Vehículo: VEH-QA-01 (Disponible) Piloto: PIL-QA-01 (sin ruta) Fecha: 2026-10-12 | J26: Crea ruta con pedido, vehículo y piloto asociados. | K26: =INDEX('Log de Ejecución'!$J$2:$J$41,MATCH($E26,'Log de Ejecución'!$A$2:$A$41,0)) -> Pass | L26: =INDEX('Log de Ejecución'!$O$2:$O$41,MATCH($E26,'Log de Ejecución'!$A$2:$A$41,0)) -> Pass | M26: =INDEX('Log de Ejecución'!$N$2:$N$41,MATCH($E26,'Log de Ejecución'!$A$2:$A$41,0)) -> No registrado | N26: =IFERROR(INDEX('Bug Tracker'!$H$2:$H$200,MATCH(M26,'Bug Tracker'!$A$2:$A$200,0)),"—") -> —
A27: REQ004 | B27: REQ004-A | C27: CT-008 | D27: Disponibilidad de vehículo y piloto | E27: TC-REQ004-002 | F27: Rechazo de vehículo no disponible | G27: Tabla de decisión | H27: TD-026 | I27: Ruta: RUT-QA-002 Pedido: PED-QA-002 Vehículo: VEH-QA-02 (No disponible) Piloto: PIL-QA-02 | J27: Rechaza asignación y no crea ruta activa. | K27: =INDEX('Log de Ejecución'!$J$2:$J$41,MATCH($E27,'Log de Ejecución'!$A$2:$A$41,0)) -> Pass | L27: =INDEX('Log de Ejecución'!$O$2:$O$41,MATCH($E27,'Log de Ejecución'!$A$2:$A$41,0)) -> Pass | M27: =INDEX('Log de Ejecución'!$N$2:$N$41,MATCH($E27,'Log de Ejecución'!$A$2:$A$41,0)) -> No registrado | N27: =IFERROR(INDEX('Bug Tracker'!$H$2:$H$200,MATCH(M27,'Bug Tracker'!$A$2:$A$200,0)),"—") -> —
A28: REQ004 | B28: REQ004-B | C28: CT-009 | D28: Kilometraje y devoluciones | E28: TC-REQ004-003 | F28: Kilometraje de llegada válido | G28: Partición de equivalencia | H28: TD-027 | I28: Ruta: RUT-QA-003 Salida: 15000 km Llegada: 15125 km Recorrido: 125 km | J28: Acepta llegada y registra recorrido de 125 km. | K28: =INDEX('Log de Ejecución'!$J$2:$J$41,MATCH($E28,'Log de Ejecución'!$A$2:$A$41,0)) -> Pass | L28: =INDEX('Log de Ejecución'!$O$2:$O$41,MATCH($E28,'Log de Ejecución'!$A$2:$A$41,0)) -> Pass | M28: =INDEX('Log de Ejecución'!$N$2:$N$41,MATCH($E28,'Log de Ejecución'!$A$2:$A$41,0)) -> No registrado | N28: =IFERROR(INDEX('Bug Tracker'!$H$2:$H$200,MATCH(M28,'Bug Tracker'!$A$2:$A$200,0)),"—") -> —
A29: REQ004 | B29: REQ004-B | C29: CT-009 | D29: Kilometraje y devoluciones | E29: TC-REQ004-004 | F29: Kilometraje de llegada igual a salida | G29: Análisis de valores límite | H29: TD-028 | I29: Ruta: RUT-QA-004 Salida: 20000 km Llegada: 20000 km Diferencia: 0 | J29: Rechaza llegada porque debe ser estrictamente mayor. | K29: =INDEX('Log de Ejecución'!$J$2:$J$41,MATCH($E29,'Log de Ejecución'!$A$2:$A$41,0)) -> Pass | L29: =INDEX('Log de Ejecución'!$O$2:$O$41,MATCH($E29,'Log de Ejecución'!$A$2:$A$41,0)) -> Pass | M29: =INDEX('Log de Ejecución'!$N$2:$N$41,MATCH($E29,'Log de Ejecución'!$A$2:$A$41,0)) -> No registrado | N29: =IFERROR(INDEX('Bug Tracker'!$H$2:$H$200,MATCH(M29,'Bug Tracker'!$A$2:$A$200,0)),"—") -> —
A30: REQ004 | B30: REQ004-A | C30: CT-017 | D30: Doble asignación de piloto | E30: TC-REQ004-005 | F30: Piloto con otra ruta activa | G30: Tabla de decisión | H30: TD-029 | I30: Ruta existente: RUT-QA-005A Nueva: RUT-QA-005B Piloto: PIL-QA-03 (ocupado) Vehículo: VEH-QA-03 | J30: Impide segunda ruta activa para el mismo piloto. | K30: =INDEX('Log de Ejecución'!$J$2:$J$41,MATCH($E30,'Log de Ejecución'!$A$2:$A$41,0)) -> Pass | L30: =INDEX('Log de Ejecución'!$O$2:$O$41,MATCH($E30,'Log de Ejecución'!$A$2:$A$41,0)) -> Pass | M30: =INDEX('Log de Ejecución'!$N$2:$N$41,MATCH($E30,'Log de Ejecución'!$A$2:$A$41,0)) -> No registrado | N30: =IFERROR(INDEX('Bug Tracker'!$H$2:$H$200,MATCH(M30,'Bug Tracker'!$A$2:$A$200,0)),"—") -> —
A31: REQ004 | B31: REQ004-B | C31: CT-018 | D31: Kilometraje inferior a salida | E31: TC-REQ004-006 | F31: Kilometraje de llegada inferior | G31: Análisis de valores límite | H31: TD-030 | I31: Ruta: RUT-QA-006 Salida: 20000 km Llegada: 19999 km Diferencia: −1 km | J31: Rechaza llegada y no almacena distancia negativa. | K31: =INDEX('Log de Ejecución'!$J$2:$J$41,MATCH($E31,'Log de Ejecución'!$A$2:$A$41,0)) -> Pass | L31: =INDEX('Log de Ejecución'!$O$2:$O$41,MATCH($E31,'Log de Ejecución'!$A$2:$A$41,0)) -> Pass | M31: =INDEX('Log de Ejecución'!$N$2:$N$41,MATCH($E31,'Log de Ejecución'!$A$2:$A$41,0)) -> No registrado | N31: =IFERROR(INDEX('Bug Tracker'!$H$2:$H$200,MATCH(M31,'Bug Tracker'!$A$2:$A$200,0)),"—") -> —
A32: REQ004 | B32: REQ004-B | C32: CT-019 | D32: Recepción y resolución de devoluciones | E32: TC-REQ004-007 | F32: Devolución con recepción física | G32: Transición de estados | H32: TD-031 | I32: Ruta: RUT-QA-007 Producto: PROD-QA-01 Cantidad: 5 Recepción: Confirmada Resolución: Pendiente | J32: Registra recepción y trazabilidad; resolución pendiente. Nombre del estado por confirmar. | K32: =INDEX('Log de Ejecución'!$J$2:$J$41,MATCH($E32,'Log de Ejecución'!$A$2:$A$41,0)) -> Pass | L32: =INDEX('Log de Ejecución'!$O$2:$O$41,MATCH($E32,'Log de Ejecución'!$A$2:$A$41,0)) -> Pass | M32: =INDEX('Log de Ejecución'!$N$2:$N$41,MATCH($E32,'Log de Ejecución'!$A$2:$A$41,0)) -> No registrado | N32: =IFERROR(INDEX('Bug Tracker'!$H$2:$H$200,MATCH(M32,'Bug Tracker'!$A$2:$A$200,0)),"—") -> — | O32: Aclaración de diseño: Conciliar estados Devuelto / Con Devolución.
A33: REQ004 | B33: REQ004-B | C33: CT-019 | D33: Recepción y resolución de devoluciones | E33: TC-REQ004-008 | F33: Resolución sin recepción física | G33: Transición de estados | H33: TD-032 | I33: Devolución: DEV-QA-008 Producto: PROD-QA-02 Cantidad: 8 Recepción: No confirmada Resolución: Reingreso | J33: Impide reingreso y no incrementa inventario. | K33: =INDEX('Log de Ejecución'!$J$2:$J$41,MATCH($E33,'Log de Ejecución'!$A$2:$A$41,0)) -> Pass | L33: =INDEX('Log de Ejecución'!$O$2:$O$41,MATCH($E33,'Log de Ejecución'!$A$2:$A$41,0)) -> Pass | M33: =INDEX('Log de Ejecución'!$N$2:$N$41,MATCH($E33,'Log de Ejecución'!$A$2:$A$41,0)) -> No registrado | N33: =IFERROR(INDEX('Bug Tracker'!$H$2:$H$200,MATCH(M33,'Bug Tracker'!$A$2:$A$200,0)),"—") -> — | O33: Aclaración de diseño: Confirmar reglas de resolución de devolución.
A34: REQ005 | B34: REQ005 | C34: CT-010 | D34: Consulta y exportación de reportes | E34: TC-REQ005-001 | F34: Consulta con filtro de fechas | G34: Partición de equivalencia | H34: TD-033 | I34: Reporte: Producción Inicio: 2026-10-01 Fin: 2026-10-07 Dentro: PROD-R01, PROD-R02 Fuera: PROD-R03 | J34: Incluye R01 y R02; excluye R03. | K34: =INDEX('Log de Ejecución'!$J$2:$J$41,MATCH($E34,'Log de Ejecución'!$A$2:$A$41,0)) -> Pass | L34: =INDEX('Log de Ejecución'!$O$2:$O$41,MATCH($E34,'Log de Ejecución'!$A$2:$A$41,0)) -> Pass | M34: =INDEX('Log de Ejecución'!$N$2:$N$41,MATCH($E34,'Log de Ejecución'!$A$2:$A$41,0)) -> No registrado | N34: =IFERROR(INDEX('Bug Tracker'!$H$2:$H$200,MATCH(M34,'Bug Tracker'!$A$2:$A$200,0)),"—") -> —
A35: REQ005 | B35: REQ005 | C35: CT-010 | D35: Consulta y exportación de reportes | E35: TC-REQ005-002 | F35: Exportación PDF sin pérdida | G35: Partición de equivalencia | H35: TD-034 | I35: Reporte: Producción Inicio: 2026-10-01 Fin: 2026-10-07 Registros: 2 Total: 150 kg Formato: PDF | J35: PDF conserva dos registros y total 150 kg. | K35: =INDEX('Log de Ejecución'!$J$2:$J$41,MATCH($E35,'Log de Ejecución'!$A$2:$A$41,0)) -> Pass | L35: =INDEX('Log de Ejecución'!$O$2:$O$41,MATCH($E35,'Log de Ejecución'!$A$2:$A$41,0)) -> Pass | M35: =INDEX('Log de Ejecución'!$N$2:$N$41,MATCH($E35,'Log de Ejecución'!$A$2:$A$41,0)) -> No registrado | N35: =IFERROR(INDEX('Bug Tracker'!$H$2:$H$200,MATCH(M35,'Bug Tracker'!$A$2:$A$200,0)),"—") -> —
A36: REQ005 | B36: REQ005 | C36: CT-010 | D36: Consulta y exportación de reportes | E36: TC-REQ005-003 | F36: Exportación Excel sin pérdida | G36: Partición de equivalencia | H36: TD-035 | I36: Registros: PROD-R01 (100 kg), PROD-R02 (50 kg) Total: 150 kg Formato: Excel | J36: Excel conserva filas, cantidades y total de 150 kg. | K36: =INDEX('Log de Ejecución'!$J$2:$J$41,MATCH($E36,'Log de Ejecución'!$A$2:$A$41,0)) -> Fail | L36: =INDEX('Log de Ejecución'!$O$2:$O$41,MATCH($E36,'Log de Ejecución'!$A$2:$A$41,0)) -> Pass | M36: =INDEX('Log de Ejecución'!$N$2:$N$41,MATCH($E36,'Log de Ejecución'!$A$2:$A$41,0)) -> BUG-REP-01 | N36: =IFERROR(INDEX('Bug Tracker'!$H$2:$H$200,MATCH(M36,'Bug Tracker'!$A$2:$A$200,0)),"—") -> Cerrado | O36: Falló en ciclo 1 (BUG-REP-01); corregido y verificado en regresión el 20/10/2026.
A37: REQ005 | B37: REQ005 | C37: CT-020 | D37: Intervalos de fecha | E37: TC-REQ005-004 | F37: Intervalo de fechas inválido | G37: Análisis de valores límite | H37: TD-036 | I37: Inicio: 2026-10-15 Fin: 2026-10-10 | J37: Rechaza intervalo invertido; regla propuesta por confirmar. | K37: =INDEX('Log de Ejecución'!$J$2:$J$41,MATCH($E37,'Log de Ejecución'!$A$2:$A$41,0)) -> Fail | L37: =INDEX('Log de Ejecución'!$O$2:$O$41,MATCH($E37,'Log de Ejecución'!$A$2:$A$41,0)) -> Pass | M37: =INDEX('Log de Ejecución'!$N$2:$N$41,MATCH($E37,'Log de Ejecución'!$A$2:$A$41,0)) -> BUG-REP-02 | N37: =IFERROR(INDEX('Bug Tracker'!$H$2:$H$200,MATCH(M37,'Bug Tracker'!$A$2:$A$200,0)),"—") -> Cerrado | O37: Falló en ciclo 1 (BUG-REP-02); corregido y verificado en regresión el 20/10/2026.
A38: REQ005 | B38: REQ005 | C38: CT-021 | D38: Combinación Pairwise de filtros | E38: TC-REQ005-005 | F38: Filtros combinados de fecha, cliente y merma | G38: Pairwise | H38: TD-037 | I38: Inicio: 2026-10-01 Fin: 2026-10-07 Cliente: CLI-QA-01 Merma: Pelado Coincide: MER-QA-01 No coincide: MER-QA-02 | J38: Solo muestra registros que cumplen los tres filtros. Variantes PW01–PW04 pendientes de resultados específicos. | K38: =INDEX('Log de Ejecución'!$J$2:$J$41,MATCH($E38,'Log de Ejecución'!$A$2:$A$41,0)) -> Skipped | L38: =INDEX('Log de Ejecución'!$O$2:$O$41,MATCH($E38,'Log de Ejecución'!$A$2:$A$41,0)) -> Skipped | M38: =INDEX('Log de Ejecución'!$N$2:$N$41,MATCH($E38,'Log de Ejecución'!$A$2:$A$41,0)) -> N/A – fuera de alcance | N38: =IFERROR(INDEX('Bug Tracker'!$H$2:$H$200,MATCH(M38,'Bug Tracker'!$A$2:$A$200,0)),"—") -> — | O38: Fuera del alcance de esta versión: ningún reporte combina fecha, cliente y tipo de merma (decisión del equipo).
A39: REQ005 | B39: REQ005 | C39: CT-022 | D39: Consulta sin resultados | E39: TC-REQ005-006 | F39: Reporte sin registros coincidentes | G39: Partición de equivalencia | H39: TD-038 | I39: Inicio: 2026-09-01 Fin: 2026-09-02 Cliente: CLI-QA-99 Registros: 0 | J39: Devuelve cero registros sin mostrar datos ajenos. | K39: =INDEX('Log de Ejecución'!$J$2:$J$41,MATCH($E39,'Log de Ejecución'!$A$2:$A$41,0)) -> Pass | L39: =INDEX('Log de Ejecución'!$O$2:$O$41,MATCH($E39,'Log de Ejecución'!$A$2:$A$41,0)) -> Pass | M39: =INDEX('Log de Ejecución'!$N$2:$N$41,MATCH($E39,'Log de Ejecución'!$A$2:$A$41,0)) -> No registrado | N39: =IFERROR(INDEX('Bug Tracker'!$H$2:$H$200,MATCH(M39,'Bug Tracker'!$A$2:$A$200,0)),"—") -> —
A40: REQ005 | B40: REQ005 | C40: CT-023 | D40: Indicadores de dashboard | E40: TC-REQ005-007 | F40: Consistencia de indicadores dashboard | G40: Partición de equivalencia | H40: TD-039 | I40: Inicio: 2026-10-01 Fin: 2026-10-07 Producción: 100 kg + 50 kg Total supuesto: 150 kg | J40: Si indicador suma kg producidos, muestra 150 kg; fórmula por aprobar. | K40: =INDEX('Log de Ejecución'!$J$2:$J$41,MATCH($E40,'Log de Ejecución'!$A$2:$A$41,0)) -> Pass | L40: =INDEX('Log de Ejecución'!$O$2:$O$41,MATCH($E40,'Log de Ejecución'!$A$2:$A$41,0)) -> Pass | M40: =INDEX('Log de Ejecución'!$N$2:$N$41,MATCH($E40,'Log de Ejecución'!$A$2:$A$41,0)) -> No registrado | N40: =IFERROR(INDEX('Bug Tracker'!$H$2:$H$200,MATCH(M40,'Bug Tracker'!$A$2:$A$200,0)),"—") -> — | O40: Aclaración de diseño: Confirmar fórmula de indicador.
A41: REQ005 | B41: REQ005 | C41: CT-020 | D41: Intervalos de fecha | E41: TC-REQ005-008 | F41: Fechas inicial y final iguales | G41: Análisis de valores límite | H41: TD-040 | I41: Inicio: 2026-10-05 Fin: 2026-10-05 Registro: PROD-R02 Cantidad: 50 kg | J41: Si extremos son inclusivos, muestra PROD-R02; criterio por confirmar. | K41: =INDEX('Log de Ejecución'!$J$2:$J$41,MATCH($E41,'Log de Ejecución'!$A$2:$A$41,0)) -> Pass | L41: =INDEX('Log de Ejecución'!$O$2:$O$41,MATCH($E41,'Log de Ejecución'!$A$2:$A$41,0)) -> Pass | M41: =INDEX('Log de Ejecución'!$N$2:$N$41,MATCH($E41,'Log de Ejecución'!$A$2:$A$41,0)) -> No registrado | N41: =IFERROR(INDEX('Bug Tracker'!$H$2:$H$200,MATCH(M41,'Bug Tracker'!$A$2:$A$200,0)),"—") -> — | O41: Aclaración de diseño: Confirmar inclusividad de fechas.

Sheet Log de Ejecución
A1: ID Caso | B1: ID REQ | C1: Nombre del Caso | D1: Técnica Aplicada | E1: Prioridad | F1: Precondiciones | G1: Pasos de Ejecución | H1: Datos de Entrada | I1: Resultado Esperado | J1: Estado de ejecución | K1: Fecha de Ejecución | L1: Especialista QA | M1: Resultado obtenido | N1: ID del defecto asociado | O1: Estado final (tras regresión) | P1: Fecha de re-ejecución | Q1: Especialista QA (re-ejecución) | R1: Resultado de la re-ejecución
A2: TC-REQ001-001 | B2: REQ001-A | C2: Inicio de sesión con credenciales válidas | D2: Partición de equivalencia | E2: Alta | F2: Administrador activo creado en QA; servicio de autenticación disponible. | G2: 1. Abrir inicio de sesión. 2. Escribir correo. 3. Escribir contraseña. 4. Pulsar Iniciar sesión. 5. Abrir funcionalidad autorizada. | H2: Correo: admin.qa@example.com Contraseña: QaSegura123 Rol: Administrador Estado: Activo | I2: Autentica y permite acceso a funcionalidades autorizadas. | J2: Pass | K2: 46224 | L2: Samuel Canastuj | M2: Se inició sesión con el administrador activo y se habilitaron sus funciones autorizadas. | N2: No registrado | O2: =J2 -> Pass | R2: No requería re-ejecución (sin defecto asociado).
A3: TC-REQ001-002 | B3: REQ001-A | C3: Inicio de sesión con contraseña incorrecta | D3: Partición de equivalencia | E3: Alta | F3: Administrador activo en QA; sesión cerrada. | G3: 1. Abrir inicio de sesión. 2. Ingresar correo registrado. 3. Ingresar contraseña errónea. 4. Pulsar Iniciar sesión. 5. Intentar entrar a módulo protegido. | H3: Correo: admin.qa@example.com Contraseña: Incorrecta123 Rol: Administrador | I3: Rechaza autenticación, no crea sesión y bloquea módulos protegidos. | J3: Pass | K3: 46225 | L3: Samuel Canastuj | M3: La contraseña incorrecta fue rechazada; no se creó sesión ni se permitió acceso a módulos protegidos. | N3: No registrado | O3: =J3 -> Pass | R3: No requería re-ejecución (sin defecto asociado).
A4: TC-REQ001-003 | B4: REQ001-A | C4: Acceso permitido según rol de usuario | D4: Tabla de decisión | E4: Alta | F4: Administrador activo; permiso de gestión de usuarios confirmado en matriz de permisos. | G4: 1. Autenticarse como Administrador. 2. Abrir Gestión de usuarios. 3. Consultar listado. 4. Revisar respuesta. | H4: Correo: admin.qa@example.com Rol: Administrador Operación: Consultar usuarios Permiso: Permitido | I4: Autoriza operación y muestra listado según permisos oficiales. | J4: Pass | K4: 46225 | L4: Samuel Canastuj | M4: Suponiendo autorizado al rol Administrador, se permitió consultar el listado de usuarios. | N4: No registrado | O4: =J4 -> Pass | R4: No requería re-ejecución (sin defecto asociado).
A5: TC-REQ001-004 | B5: REQ001-A | C5: Acceso denegado a módulo no autorizado | D5: Tabla de decisión | E5: Alta | F5: Piloto activo; consulta administrativa clasificada como no autorizada. | G5: 1. Autenticarse como Piloto. 2. Abrir módulo administrativo. 3. Solicitar endpoint protegido. 4. Revisar código y cuerpo de respuesta. 5. Confirmar ausencia de datos restringidos. | H5: Correo: piloto.qa@example.com Rol: Piloto Operación: Consultar usuarios Permiso: Denegado | I5: API responde HTTP 403 sin revelar datos administrativos. | J5: Pass | K5: 46227 | L5: Samuel Canastuj | M5: Suponiendo que el rol Piloto no tiene ese permiso, la consulta devolvió HTTP 403 sin datos administrativos. | N5: No registrado | O5: =J5 -> Pass | R5: No requería re-ejecución (sin defecto asociado).
A6: TC-REQ001-005 | B6: REQ001-B | C6: Registro duplicado en catálogo de clientes | D6: Partición de equivalencia | E6: Alta | F6: Usuario autorizado; cliente con NIT sintético ya existe en QA. | G6: 1. Abrir catálogo de clientes. 2. Elegir Agregar. 3. Ingresar NIT ya registrado. 4. Guardar. 5. Contar coincidencias del NIT. | H6: Nombre: Cliente QA Duplicado NIT: 1234567-8 Registro previo: mismo NIT | I6: Rechaza duplicado; conserva un solo registro sin modificar original. | J6: Fail | K6: 46227 | L6: Samuel Canastuj | M6: El segundo cliente con NIT 1234567-8 se guardó (HTTP 201); el listado muestra dos clientes activos con el mismo NIT. No existe validación de unicidad. | N6: BUG-CLI-01 | O6: Pass | P6: 46315 | Q6: Samuel Canastuj | R6: Re-ejecutado: el segundo cliente con NIT 1234567-8 fue rechazado (HTTP 409) por API y por la pantalla; solo existe el cliente original.
A7: TC-REQ001-006 | B7: REQ001-A | C7: Contraseña inferior a longitud mínima | D7: Análisis de valores límite | E7: Alta | F7: Formulario de contraseña disponible en QA. | G7: 1. Abrir formulario. 2. Completar campos válidos. 3. Ingresar contraseña de 5 caracteres. 4. Intentar guardar. 5. Revisar validación. | H7: Contraseña: Ab123 Longitud: 5 Mínimo implementado: 6 | I7: Rechaza contraseña de cinco caracteres y no la guarda. | J7: Pass | K7: 46234 | L7: Dennis Cornel | M7: Con un mínimo supuesto de 6 caracteres, la contraseña de 5 se rechazó y no se guardó. | N7: No registrado | O7: =J7 -> Pass | R7: No requería re-ejecución (sin defecto asociado).
A8: TC-REQ001-007 | B8: REQ001-A | C8: Contraseña igual a longitud mínima | D8: Análisis de valores límite | E8: Alta | F8: Formulario disponible; otros campos válidos. | G8: 1. Abrir formulario. 2. Completar campos. 3. Ingresar 6 caracteres. 4. Ejecutar validación. 5. Registrar respuesta. | H8: Contraseña: Ab1234 Longitud: 6 Mínimo implementado: 6 | I8: Supera control de longitud; aceptación final depende de otras reglas. | J8: Pass | K8: 46234 | L8: Dennis Cornel | M8: Con un mínimo supuesto de 6 caracteres, la contraseña de 6 superó el control de longitud. | N8: No registrado | O8: =J8 -> Pass | R8: No requería re-ejecución (sin defecto asociado).
A9: TC-REQ001-008 | B9: REQ001-A | C9: Contraseña superior a longitud mínima | D9: Análisis de valores límite | E9: Alta | F9: Formulario disponible; otros campos válidos. | G9: 1. Abrir formulario. 2. Completar campos. 3. Ingresar 7 caracteres. 4. Ejecutar validación. 5. Registrar respuesta. | H9: Contraseña: Ab12345 Longitud: 7 Mínimo implementado: 6 | I9: Supera control de longitud; no se rechaza exclusivamente por tener 7 caracteres. | J9: Pass | K9: 46240 | L9: Yefferson Valenzuela | M9: Con un mínimo supuesto de 6 caracteres, la contraseña de 7 superó el control de longitud. | N9: No registrado | O9: =J9 -> Pass | R9: No requería re-ejecución (sin defecto asociado).
A10: TC-REQ002-001 | B10: REQ002-A | C10: Cálculo correcto del peso neto | D10: Partición de equivalencia | E10: Alta | F10: Usuario autorizado; proveedor y lote sintéticos creados. | G10: 1. Abrir Recepción. 2. Elegir lote. 3. Registrar bruto y tara. 4. Guardar. 5. Consultar neto. | H10: Lote: LOT-QA-001 Bruto: 25.00 kg Tara: 2.00 kg Neto: 23.00 kg | I10: Registra neto de 23.00 kg (25.00 − 2.00). | J10: Skipped | K10: 46240 | L10: Yefferson Valenzuela | M10: No ejecutado: la captura de peso bruto y tara queda fuera del alcance de esta versión por decisión del equipo; el caso se conserva para una versión futura. | N10: N/A – fuera de alcance | O10: =J10 -> Skipped | R10: No requería re-ejecución (sin defecto asociado).
A11: TC-REQ002-002 | B11: REQ002-A | C11: Tara superior al peso bruto | D11: Partición de equivalencia | E11: Alta | F11: Formulario de recepción y lote QA disponibles. | G11: 1. Abrir recepción. 2. Elegir lote. 3. Registrar bruto 20 kg. 4. Registrar tara 25 kg. 5. Guardar. 6. Revisar que no exista neto negativo. | H11: Lote: LOT-QA-002 Bruto: 20 kg Tara: 25 kg Neto matemático: −5 kg | I11: Rechazar tara superior al bruto; regla propuesta pendiente de confirmar. | J11: Fail | K11: 46244 | L11: Samuel Canastuj | M11: No existe campo de tara; al intentar el equivalente (unidad con peso negativo de −5 kg vía POST /api/entradas-mercancia/{id}/units) la API lo aceptó (HTTP 201) y registró la unidad con peso negativo. | N11: BUG-REC-01 | O11: Pass | P11: 46315 | Q11: Samuel Canastuj | R11: Re-ejecutado: POST /units con peso −5 kg rechazado (HTTP 400); la unidad no se registra.
A12: TC-REQ002-003 | B12: REQ002-B | C12: Maduración inferior al umbral | D12: Análisis de valores límite | E12: Alta | F12: Sublote QA; umbral 22 Brix configurado. | G12: 1. Abrir Maduración. 2. Elegir sublote. 3. Registrar 21 Brix. 4. Guardar. 5. Revisar estado. | H12: Sublote: SUB-QA-001 Medición: 21 Brix Umbral: 22 Brix | I12: No promociona automáticamente a Listo para Producción. | J12: Pass | K12: 46244 | L12: Samuel Canastuj | M12: Con umbral de 22 Brix, registrar 21 Brix mantuvo el sublote sin promover a producción. | N12: No registrado | O12: =J12 -> Pass | R12: No requería re-ejecución (sin defecto asociado).
A13: TC-REQ002-004 | B13: REQ002-B | C13: Maduración igual al umbral | D13: Análisis de valores límite | E13: Alta | F13: Sublote QA; umbral 22; demás condiciones satisfechas. | G13: 1. Abrir Maduración. 2. Elegir sublote. 3. Registrar 22 Brix. 4. Guardar. 5. Revisar estado. | H13: Sublote: SUB-QA-002 Medición: 22 Brix Umbral: 22 Brix | I13: Promociona si se satisfacen las demás condiciones. | J13: Pass | K13: 46248 | L13: Yefferson Valenzuela | M13: Con umbral supuesto de 22 Brix y demás condiciones cumplidas, 22 Brix permitió pasar a Listo para Producción. | N13: No registrado | O13: =J13 -> Pass | R13: No requería re-ejecución (sin defecto asociado).
A14: TC-REQ002-005 | B14: REQ002-B | C14: Maduración superior al umbral | D14: Análisis de valores límite | E14: Alta | F14: Sublote QA; umbral 22; demás condiciones satisfechas. | G14: 1. Abrir Maduración. 2. Elegir sublote. 3. Registrar 23 Brix. 4. Guardar. 5. Revisar estado. | H14: Sublote: SUB-QA-003 Medición: 23 Brix Umbral: 22 Brix | I14: Promociona al superar umbral, sujeto a demás condiciones. | J14: Pass | K14: 46254 | L14: Dennis Cornel | M14: Con umbral supuesto de 22 Brix y demás condiciones cumplidas, 23 Brix permitió pasar a Listo para Producción. | N14: No registrado | O14: =J14 -> Pass | R14: No requería re-ejecución (sin defecto asociado).
A15: TC-REQ002-006 | B15: REQ002-A | C15: Acumulación de peso neto por cajas | D15: Partición de equivalencia | E15: Alta | F15: Lote QA habilitado para varias cajas. | G15: 1. Abrir recepción. 2. Registrar tres cajas. 3. Guardar. 4. Consultar netos y acumulado. | H15: Lote: LOT-QA-003 C1: 20−2=18 kg C2: 25−2=23 kg C3: 30−3=27 kg Total: 68 kg | I15: Netos 18, 23 y 27 kg; acumulado neto 68 kg y bruto 75 kg. | J15: Skipped | K15: 46254 | L15: Dennis Cornel | M15: No ejecutado: depende de la captura de peso bruto y tara por caja, fuera del alcance de esta versión por decisión del equipo; se conserva para una versión futura. | N15: N/A – fuera de alcance | O15: =J15 -> Skipped | R15: No requería re-ejecución (sin defecto asociado).
A16: TC-REQ002-007 | B16: REQ002-B | C16: Transición a Listo para Producción | D16: Transición de estados | E16: Alta | F16: Sublote en maduración; umbral 22; condiciones restantes satisfechas. | G16: 1. Consultar estado inicial. 2. Registrar 21 Brix. 3. Revisar estado. 4. Registrar 22 Brix. 5. Revisar estado final. | H16: Sublote: SUB-QA-004 Estado inicial: En Maduración (por confirmar) Mediciones: 21 y 22 Brix | I16: No promociona con 21; promociona con 22 si corresponde. Confirmar nomenclatura. | J16: Pass | K16: 46258 | L16: Yefferson Valenzuela | M16: Suponiendo umbral de 22 Brix y demás condiciones cumplidas, no se habilitó producción con 21 Brix y sí con 22 Brix. | N16: No registrado | O16: =J16 -> Pass | R16: No requería re-ejecución (sin defecto asociado).
A17: TC-REQ002-008 | B17: REQ002-B | C17: Prevención de promoción prematura | D17: Transición de estados | E17: Alta | F17: Sublote en maduración; umbral 22 Brix. | G17: 1. Abrir maduración. 2. Elegir sublote. 3. Registrar 20 Brix. 4. Guardar. 5. Verificar que no esté listo. | H17: Sublote: SUB-QA-005 Medición: 20 Brix Umbral: 22 Brix | I17: No cambia automáticamente a Listo para Producción. | J17: Pass | K17: 46264 | L17: Samuel Canastuj | M17: Con umbral de 22 Brix, la medición de 20 Brix no activó el paso a producción. | N17: No registrado | O17: =J17 -> Pass | R17: No requería re-ejecución (sin defecto asociado).
A18: TC-REQ003-001 | B18: REQ003-A | C18: Registro correcto de etapa de producción | D18: Partición de equivalencia | E18: Alta | F18: Usuario Producción autorizado; lote y catálogos cargados. | G18: 1. Abrir Control de Producción. 2. Elegir lote y Pelado. 3. Registrar pesos y merma. 4. Asignar responsable. 5. Guardar y consultar. | H18: Lote: LOT-QA-P001 Etapa: Pelado Entrada: 100 kg Salida: 90 kg Merma: 10 kg Responsable: OPER-QA-01 | I18: Registra etapa, pesos, merma y personal responsable. | J18: Pass | K18: 46269 | L18: Dennis Cornel | M18: Se guardó Pelado con entrada de 100 kg, salida de 90 kg, merma de 10 kg y responsable OPER-QA-01. | N18: No registrado | O18: =J18 -> Pass | R18: No requería re-ejecución (sin defecto asociado).
A19: TC-REQ003-002 | B19: REQ003-A | C19: Merma superior al peso de entrada | D19: Partición de equivalencia | E19: Alta | F19: Lote QA y usuario autorizado. | G19: 1. Abrir producción. 2. Elegir Corte. 3. Registrar entrada 50 kg. 4. Registrar merma 60 kg. 5. Guardar. 6. Revisar validación. | H19: Lote: LOT-QA-P002 Etapa: Corte Entrada: 50 kg Salida: 0 kg Merma: 60 kg | I19: Rechazar inconsistencia física; regla pendiente de validación de negocio. | J19: Fail | K19: 46274 | L19: Yefferson Valenzuela | M19: Se registró una merma de 60 kg sobre una etapa con entrada de 50 kg (HTTP 201). La salida de la etapa se ajustó a 0 kg y el balance del proceso quedó en −10 kg sin ningún rechazo. | N19: BUG-PRO-01 | O19: Pass | P19: 46315 | Q19: Yefferson Valenzuela | R19: Re-ejecutado: la merma de 60 kg sobre la etapa Corte de 50 kg se rechaza (HTTP 400) por API y por la pantalla; la etapa no registra la merma.
A20: TC-REQ003-003 | B20: REQ003-B | C20: Cierre con balance correcto | D20: Tabla de decisión | E20: Alta | F20: Proceso abierto y usuario con permiso de cierre. | G20: 1. Abrir proceso. 2. Consultar entrada. 3. Registrar merma y producción. 4. Solicitar cierre. 5. Revisar estado. | H20: Proceso: PROD-QA-003 Entrada: 100 kg Merma: 15 kg Producido: 85 kg Diferencia: 0 | I20: Permite cierre: 100 − 15 = 85 kg. | J20: Pass | K20: 46277 | L20: Dennis Cornel | M20: El proceso cerró con 100 kg de entrada, 15 kg de merma y 85 kg producidos; diferencia: 0 kg. | N20: No registrado | O20: =J20 -> Pass | R20: No requería re-ejecución (sin defecto asociado).
A21: TC-REQ003-004 | B21: REQ003-B | C21: Cierre con diferencia sin justificación | D21: Tabla de decisión | E21: Alta | F21: Proceso abierto; no existe justificación. | G21: 1. Abrir proceso. 2. Registrar entrada, merma y producción. 3. Dejar justificación vacía. 4. Intentar cierre. 5. Revisar estado. | H21: Proceso: PROD-QA-004 Entrada: 100 kg Merma: 10 kg Producido: 85 kg Diferencia: 5 kg Justificación: Vacía | I21: Rechaza cierre; proceso permanece abierto. | J21: Pass | K21: 46279 | L21: Dennis Cornel | M21: Se rechazó el cierre con diferencia de 5 kg y justificación vacía; el proceso continuó abierto. | N21: No registrado | O21: =J21 -> Pass | R21: No requería re-ejecución (sin defecto asociado).
A22: TC-REQ003-005 | B22: REQ003-B | C22: Cierre con diferencia justificada | D22: Tabla de decisión | E22: Alta | F22: Proceso abierto; función de justificación habilitada; permiso por confirmar. | G22: 1. Abrir proceso. 2. Registrar pesos. 3. Identificar diferencia. 4. Escribir justificación. 5. Solicitar cierre. 6. Consultar evidencia guardada. | H22: Proceso: PROD-QA-005 Entrada: 100 kg Merma: 10 kg Producido: 85 kg Diferencia: 5 kg Justificación: Diferencia en pesaje manual. | I22: Ruta alternativa permite cierre con justificación explícita; autorización pendiente de confirmar. | J22: Pass | K22: 46285 | L22: Dennis Cornel | M22: Suponiendo autorización para justificar diferencias, se cerró con diferencia de 5 kg y se conservó la justificación indicada. | N22: No registrado | O22: =J22 -> Pass | R22: No requería re-ejecución (sin defecto asociado).
A23: TC-REQ003-006 | B23: REQ003-B | C23: Balance con diferencia mínima | D23: Análisis de valores límite | E23: Alta | F23: Proceso abierto; precisión de 2 decimales como supuesto. | G23: 1. Abrir proceso. 2. Registrar entrada 100.00. 3. Merma 10.00. 4. Producido 89.99. 5. Cerrar sin justificación. 6. Revisar validación. | H23: Proceso: PROD-QA-006 Entrada: 100.00 kg Merma: 10.00 kg Producido: 89.99 kg Diferencia: 0.01 kg | I23: Si no existe tolerancia, rechaza cierre; tolerancias pendientes de confirmar. | J23: Pass | K23: 46288 | L23: Samuel Canastuj | M23: El sistema tiene definida una tolerancia de balance de 0.01 kg (BALANCE_TOLERANCE_KG); la diferencia de 0.01 kg queda dentro de la tolerancia y el cierre se permitió sin justificación, según la regla vigente. | N23: No registrado | O23: =J23 -> Pass | R23: No requería re-ejecución (sin defecto asociado).
A24: TC-REQ003-007 | B24: REQ003-A | C24: Merma igual al peso de entrada | D24: Análisis de valores límite | E24: Alta | F24: Lote y etapa QA; criterio de rendimiento cero pendiente. | G24: 1. Abrir producción. 2. Elegir lote. 3. Registrar entrada 50. 4. Merma 50. 5. Salida 0. 6. Guardar y revisar. | H24: Lote: LOT-QA-P007 Etapa: Corte Entrada: 50 kg Merma: 50 kg Salida: 0 kg | I24: No produce negativos ni errores; aceptación del rendimiento 0% por confirmar. | J24: Pass | K24: 46288 | L24: Samuel Canastuj | M24: Suponiendo permitido el rendimiento de 0 %, se registraron 50 kg de entrada, 50 kg de merma y 0 kg de salida, sin negativos. | N24: No registrado | O24: =J24 -> Pass | R24: No requería re-ejecución (sin defecto asociado).
A25: TC-REQ003-008 | B25: REQ003-B | C25: Justificación compuesta solo por espacios | D25: Tabla de decisión | E25: Alta | F25: Proceso abierto con diferencia; campo de justificación disponible. | G25: 1. Abrir proceso. 2. Registrar pesos con diferencia. 3. Ingresar tres espacios. 4. Solicitar cierre. 5. Revisar respuesta. | H25: Proceso: PROD-QA-008 Entrada: 200 kg Merma: 20 kg Producido: 175 kg Diferencia: 5 kg Justificación: " " | I25: Trata espacios como vacío y rechaza cierre; regla propuesta por confirmar. | J25: Fail | K25: 46290 | L25: Yefferson Valenzuela | M25: Vía API, el proceso se finalizó (HTTP 200) con diferencia de 5 kg y justificación " " (solo espacios), que quedó guardada como válida. El formulario web sí recorta los espacios; la regla no está protegida en el backend. | N25: BUG-PRO-02 | O25: Pass | P25: 46315 | Q25: Yefferson Valenzuela | R25: Re-ejecutado vía API: la justificación " " se rechaza (HTTP 400); con una justificación real el cierre se acepta (HTTP 200).
A26: TC-REQ004-001 | B26: REQ004-A | C26: Ruta con vehículo y piloto disponibles | D26: Tabla de decisión | E26: Alta | F26: Usuario Logística; vehículo Disponible; piloto sin ruta activa. | G26: 1. Abrir planificación. 2. Elegir pedido. 3. Elegir vehículo. 4. Asignar piloto. 5. Registrar fecha. 6. Guardar y consultar ruta. | H26: Ruta: RUT-QA-001 Pedido: PED-QA-001 Vehículo: VEH-QA-01 (Disponible) Piloto: PIL-QA-01 (sin ruta) Fecha: 2026-10-12 | I26: Crea ruta con pedido, vehículo y piloto asociados. | J26: Pass | K26: 46294 | L26: Yefferson Valenzuela | M26: Se creó RUT-QA-001 para PED-QA-001 con VEH-QA-01 disponible y PIL-QA-01 sin otra ruta activa. | N26: No registrado | O26: =J26 -> Pass | R26: No requería re-ejecución (sin defecto asociado).
A27: TC-REQ004-002 | B27: REQ004-A | C27: Rechazo de vehículo no disponible | D27: Tabla de decisión | E27: Alta | F27: Vehículo no disponible; piloto libre; pedido pendiente. | G27: 1. Abrir planificación. 2. Elegir pedido. 3. Elegir vehículo no disponible. 4. Elegir piloto libre. 5. Guardar. 6. Verificar ausencia de ruta. | H27: Ruta: RUT-QA-002 Pedido: PED-QA-002 Vehículo: VEH-QA-02 (No disponible) Piloto: PIL-QA-02 | I27: Rechaza asignación y no crea ruta activa. | J27: Pass | K27: 46294 | L27: Yefferson Valenzuela | M27: Se rechazó VEH-QA-02 por no estar disponible y no se creó una ruta activa. | N27: No registrado | O27: =J27 -> Pass | R27: No requería re-ejecución (sin defecto asociado).
A28: TC-REQ004-003 | B28: REQ004-B | C28: Kilometraje de llegada válido | D28: Partición de equivalencia | E28: Alta | F28: Ruta asignada; salida registrada. | G28: 1. Abrir ruta. 2. Consultar salida. 3. Ingresar llegada. 4. Guardar. 5. Revisar distancia. | H28: Ruta: RUT-QA-003 Salida: 15000 km Llegada: 15125 km Recorrido: 125 km | I28: Acepta llegada y registra recorrido de 125 km. | J28: Pass | K28: 46295 | L28: Yefferson Valenzuela | M28: Se aceptó la llegada de 15125 km frente a 15000 km de salida y se registró un recorrido de 125 km. | N28: No registrado | O28: =J28 -> Pass | R28: No requería re-ejecución (sin defecto asociado).
A29: TC-REQ004-004 | B29: REQ004-B | C29: Kilometraje de llegada igual a salida | D29: Análisis de valores límite | E29: Alta | F29: Ruta con salida registrada. | G29: 1. Abrir ruta. 2. Consultar salida. 3. Registrar misma llegada. 4. Guardar. 5. Revisar validación. | H29: Ruta: RUT-QA-004 Salida: 20000 km Llegada: 20000 km Diferencia: 0 | I29: Rechaza llegada porque debe ser estrictamente mayor. | J29: Pass | K29: 46297 | L29: Samuel Canastuj | M29: Se rechazó la llegada de 20000 km, igual a la salida de 20000 km, por no aumentar el kilometraje. | N29: No registrado | O29: =J29 -> Pass | R29: No requería re-ejecución (sin defecto asociado).
A30: TC-REQ004-005 | B30: REQ004-A | C30: Piloto con otra ruta activa | D30: Tabla de decisión | E30: Alta | F30: Piloto con ruta activa; vehículo nuevo disponible. | G30: 1. Abrir planificación. 2. Elegir nuevo pedido. 3. Elegir vehículo libre. 4. Elegir piloto ocupado. 5. Guardar. 6. Verificar asignaciones. | H30: Ruta existente: RUT-QA-005A Nueva: RUT-QA-005B Piloto: PIL-QA-03 (ocupado) Vehículo: VEH-QA-03 | I30: Impide segunda ruta activa para el mismo piloto. | J30: Pass | K30: 46300 | L30: Dennis Cornel | M30: Se impidió asignar PIL-QA-03 a RUT-QA-005B porque ya tenía activa RUT-QA-005A. | N30: No registrado | O30: =J30 -> Pass | R30: No requería re-ejecución (sin defecto asociado).
A31: TC-REQ004-006 | B31: REQ004-B | C31: Kilometraje de llegada inferior | D31: Análisis de valores límite | E31: Alta | F31: Ruta con salida registrada. | G31: 1. Abrir ruta. 2. Consultar salida. 3. Ingresar llegada inferior. 4. Guardar. 5. Revisar resultado. | H31: Ruta: RUT-QA-006 Salida: 20000 km Llegada: 19999 km Diferencia: −1 km | I31: Rechaza llegada y no almacena distancia negativa. | J31: Pass | K31: 46306 | L31: Samuel Canastuj | M31: Se rechazó la llegada de 19999 km frente a 20000 km de salida, sin almacenar una distancia negativa. | N31: No registrado | O31: =J31 -> Pass | R31: No requería re-ejecución (sin defecto asociado).
A32: TC-REQ004-007 | B32: REQ004-B | C32: Devolución con recepción física | D32: Transición de estados | E32: Alta | F32: Devolución reportada; usuario autorizado; estados por conciliar. | G32: 1. Abrir entrega. 2. Seleccionar devolución. 3. Registrar cantidad. 4. Confirmar recepción física. 5. Guardar. 6. Consultar trazabilidad. | H32: Ruta: RUT-QA-007 Producto: PROD-QA-01 Cantidad: 5 Recepción: Confirmada Resolución: Pendiente | I32: Registra recepción y trazabilidad; resolución pendiente. Nombre del estado por confirmar. | J32: Pass | K32: 46308 | L32: Yefferson Valenzuela | M32: Se registró la recepción de 5 unidades de PROD-QA-01 y quedó pendiente la resolución; nombre del estado por confirmar. | N32: No registrado | O32: =J32 -> Pass | R32: No requería re-ejecución (sin defecto asociado).
A33: TC-REQ004-008 | B33: REQ004-B | C33: Resolución sin recepción física | D33: Transición de estados | E33: Alta | F33: Devolución reportada sin recepción confirmada. | G33: 1. Abrir devoluciones. 2. Seleccionar registro. 3. Verificar recepción pendiente. 4. Solicitar reingreso. 5. Consultar inventario. | H33: Devolución: DEV-QA-008 Producto: PROD-QA-02 Cantidad: 8 Recepción: No confirmada Resolución: Reingreso | I33: Impide reingreso y no incrementa inventario. | J33: Pass | K33: 46311 | L33: Dennis Cornel | M33: Se bloqueó el reingreso de 8 unidades de PROD-QA-02 por falta de recepción física, sin aumentar el inventario. | N33: No registrado | O33: =J33 -> Pass | R33: No requería re-ejecución (sin defecto asociado).
A34: TC-REQ005-001 | B34: REQ005 | C34: Consulta con filtro de fechas | D34: Partición de equivalencia | E34: Alta | F34: Reporte accesible; datos QA fechados cargados. | G34: 1. Abrir reportes. 2. Elegir Producción. 3. Aplicar fechas. 4. Consultar. 5. Comparar registros. | H34: Reporte: Producción Inicio: 2026-10-01 Fin: 2026-10-07 Dentro: PROD-R01, PROD-R02 Fuera: PROD-R03 | I34: Incluye R01 y R02; excluye R03. | J34: Pass | K34: 46311 | L34: Dennis Cornel | M34: Ejecutado sobre el reporte de Pedidos (único reporte con filtro Desde/Hasta): el rango del 01 al 07/10/2026 incluyó los dos registros dentro del periodo y excluyó el registro fuera de rango. | N34: No registrado | O34: =J34 -> Pass | R34: No requería re-ejecución (sin defecto asociado).
A35: TC-REQ005-002 | B35: REQ005 | C35: Exportación PDF sin pérdida | D35: Partición de equivalencia | E35: Alta | F35: Reporte QA generado; exportación PDF disponible. | G35: 1. Abrir reporte. 2. Aplicar filtros. 3. Consultar. 4. Exportar PDF. 5. Abrir archivo. 6. Comparar filas y totales. | H35: Reporte: Producción Inicio: 2026-10-01 Fin: 2026-10-07 Registros: 2 Total: 150 kg Formato: PDF | I35: PDF conserva dos registros y total 150 kg. | J35: Pass | K35: 46314 | L35: Yefferson Valenzuela | M35: Ejecutado sobre el reporte de Pedidos: "Descargar PDF" generó el documento con los 2 registros filtrados y el total coincidente con la vista en pantalla. | N35: No registrado | O35: =J35 -> Pass | R35: No requería re-ejecución (sin defecto asociado).
A36: TC-REQ005-003 | B36: REQ005 | C36: Exportación Excel sin pérdida | D36: Partición de equivalencia | E36: Alta | F36: Reporte QA generado; exportación Excel disponible. | G36: 1. Abrir reporte. 2. Aplicar filtros. 3. Consultar. 4. Exportar Excel. 5. Abrir archivo. 6. Comparar filas y totales. | H36: Registros: PROD-R01 (100 kg), PROD-R02 (50 kg) Total: 150 kg Formato: Excel | I36: Excel conserva filas, cantidades y total de 150 kg. | J36: Fail | K36: 46314 | L36: Samuel Canastuj | M36: Ningún reporte del sistema ofrece exportación a Excel; solo existe "Descargar PDF". No es posible obtener el archivo .xlsx esperado. | N36: BUG-REP-01 | O36: Pass | P36: 46315 | Q36: Samuel Canastuj | R36: Re-ejecutado: "Descargar Excel" generó reporte_pedidos_2026-10-01_2026-10-31.xlsx; abre en Excel con 4 hojas, cantidades por producto idénticas a la pantalla y total Q1,614.00 igual al resumen.
A37: TC-REQ005-004 | B37: REQ005 | C37: Intervalo de fechas inválido | D37: Análisis de valores límite | E37: Alta | F37: Formulario de filtros disponible. | G37: 1. Abrir reportes. 2. Elegir reporte. 3. Ingresar inicio posterior a fin. 4. Consultar. 5. Revisar validación. | H37: Inicio: 2026-10-15 Fin: 2026-10-10 | I37: Rechaza intervalo invertido; regla propuesta por confirmar. | J37: Fail | K37: 46315 | L37: Dennis Cornel | M37: La pantalla de Pedidos sí rechaza "Desde" posterior a "Hasta", pero la API GET /api/pedidos/reportes/* con desde=2026-10-15 y hasta=2026-10-10 respondió HTTP 200 con lista vacía, sin error de validación. La búsqueda avanzada de Trazabilidad tampoco valida el rango. | N37: BUG-REP-02 | O37: Pass | P37: 46315 | Q37: Dennis Cornel | R37: Re-ejecutado: la API responde HTTP 400 en reportes de pedidos y trazabilidad, y la pantalla de Trazabilidad muestra el aviso; un rango de un solo día sigue aceptándose.
A38: TC-REQ005-005 | B38: REQ005 | C38: Filtros combinados de fecha, cliente y merma | D38: Pairwise | E38: Alta | F38: Datos QA con clientes, fechas y mermas; filtros disponibles. | G38: 1. Abrir reporte de mermas. 2. Elegir período. 3. Elegir cliente. 4. Elegir tipo de merma. 5. Consultar. 6. Comparar coincidencias. | H38: Inicio: 2026-10-01 Fin: 2026-10-07 Cliente: CLI-QA-01 Merma: Pelado Coincide: MER-QA-01 No coincide: MER-QA-02 | I38: Solo muestra registros que cumplen los tres filtros. Variantes PW01–PW04 pendientes de resultados específicos. | J38: Skipped | K38: 46315 | L38: Samuel Canastuj | M38: No ejecutado: ningún reporte del sistema combina los filtros de fecha, cliente y tipo de merma, por lo que el caso y sus variantes Pairwise PW01–PW04 quedan fuera del alcance de esta versión por decisión del equipo; se conservan para una versión futura. | N38: N/A – fuera de alcance | O38: =J38 -> Skipped | R38: No requería re-ejecución (sin defecto asociado).
A39: TC-REQ005-006 | B39: REQ005 | C39: Reporte sin registros coincidentes | D39: Partición de equivalencia | E39: Media | F39: Período sin registros para cliente seleccionado. | G39: 1. Abrir reportes. 2. Aplicar período. 3. Filtrar cliente. 4. Consultar. 5. Revisar estado vacío. | H39: Inicio: 2026-09-01 Fin: 2026-09-02 Cliente: CLI-QA-99 Registros: 0 | I39: Devuelve cero registros sin mostrar datos ajenos. | J39: Pass | K39: 46315 | L39: Yefferson Valenzuela | M39: La consulta del 01 al 02/09/2026 para CLI-QA-99 devolvió 0 registros y no mostró datos de otros clientes. | N39: No registrado | O39: =J39 -> Pass | R39: No requería re-ejecución (sin defecto asociado).
A40: TC-REQ005-007 | B40: REQ005 | C40: Consistencia de indicadores dashboard | D40: Partición de equivalencia | E40: Alta | F40: Dashboard y datos QA disponibles; fórmula pendiente de aprobación. | G40: 1. Cargar registros QA. 2. Abrir dashboard. 3. Filtrar período. 4. Leer indicador. 5. Comparar suma base. | H40: Inicio: 2026-10-01 Fin: 2026-10-07 Producción: 100 kg + 50 kg Total supuesto: 150 kg | I40: Si indicador suma kg producidos, muestra 150 kg; fórmula por aprobar. | J40: Pass | K40: 46315 | L40: Dennis Cornel | M40: Suponiendo que el indicador suma kilogramos producidos, el dashboard mostró 150 kg para los registros de 100 kg y 50 kg. | N40: No registrado | O40: =J40 -> Pass | R40: No requería re-ejecución (sin defecto asociado).
A41: TC-REQ005-008 | B41: REQ005 | C41: Fechas inicial y final iguales | D41: Análisis de valores límite | E41: Media | F41: Registro QA creado para día específico. | G41: 1. Abrir reportes. 2. Elegir Producción. 3. Establecer fechas iguales. 4. Consultar. 5. Comparar registros del día. | H41: Inicio: 2026-10-05 Fin: 2026-10-05 Registro: PROD-R02 Cantidad: 50 kg | I41: Si extremos son inclusivos, muestra PROD-R02; criterio por confirmar. | J41: Pass | K41: 46315 | L41: Samuel Canastuj | M41: Ejecutado sobre el reporte de Pedidos: con Desde y Hasta = 05/10/2026 se mostró el registro de esa fecha; los extremos del rango son inclusivos. | N41: No registrado | O41: =J41 -> Pass | R41: No requería re-ejecución (sin defecto asociado).

Sheet Resumen de Ejecución
A1: RESUMEN DE EJECUCIÓN Y DEFECTOS (se recalcula desde el Log y el Bug Tracker)
A3: Estado | B3: Ciclo 1 (ejecución) | C3: % ciclo 1 | D3: Final (tras regresión) | E3: % final
A4: Pass | B4: =COUNTIF('Log de Ejecución'!$J$2:$J$41,A4) -> 31 | C4: =IF($B$8=0,0,B4/$B$8) -> 0.775 | D4: =COUNTIF('Log de Ejecución'!$O$2:$O$41,A4) -> 37 | E4: =IF($D$8=0,0,D4/$D$8) -> 0.925
A5: Fail | B5: =COUNTIF('Log de Ejecución'!$J$2:$J$41,A5) -> 6 | C5: =IF($B$8=0,0,B5/$B$8) -> 0.15 | D5: =COUNTIF('Log de Ejecución'!$O$2:$O$41,A5) -> 0 | E5: =IF($D$8=0,0,D5/$D$8) -> 0
A6: Blocked | B6: =COUNTIF('Log de Ejecución'!$J$2:$J$41,A6) -> 0 | C6: =IF($B$8=0,0,B6/$B$8) -> 0 | D6: =COUNTIF('Log de Ejecución'!$O$2:$O$41,A6) -> 0 | E6: =IF($D$8=0,0,D6/$D$8) -> 0
A7: Skipped | B7: =COUNTIF('Log de Ejecución'!$J$2:$J$41,A7) -> 3 | C7: =IF($B$8=0,0,B7/$B$8) -> 0.075 | D7: =COUNTIF('Log de Ejecución'!$O$2:$O$41,A7) -> 3 | E7: =IF($D$8=0,0,D7/$D$8) -> 0.075
A8: Total casos planificados | B8: =COUNTA('Log de Ejecución'!$A$2:$A$41) -> 40 | C8: =SUM(C4:C7) -> 1 | D8: =COUNTA('Log de Ejecución'!$A$2:$A$41) -> 40 | E8: =SUM(E4:E7) -> 1
A10: Casos fuera de alcance (tara y filtros combinados Pairwise) | B10: =COUNTIF('Log de Ejecución'!$N$2:$N$41,"N/A – fuera de alcance") -> 3 | D10: =COUNTIF('Log de Ejecución'!$N$2:$N$41,"N/A – fuera de alcance") -> 3
A11: Casos en alcance | B11: =B8-B10 -> 37 | D11: =D8-D10 -> 37
A12: Casos ejecutados (Pass + Fail) | B12: =B4+B5 -> 37 | D12: =D4+D5 -> 37
A13: Porcentaje de ejecución (sobre casos en alcance) | B13: =IF(B11=0,0,B12/B11) -> 1 | D13: =IF(D11=0,0,D12/D11) -> 1
A14: Tasa de éxito (Pass / ejecutados) | B14: =IF(B12=0,0,B4/B12) -> 0.83783784 | D14: =IF(D12=0,0,D4/D12) -> 1
A15: Tasa de éxito (Pass / casos en alcance) | B15: =IF(B11=0,0,B4/B11) -> 0.83783784 | D15: =IF(D11=0,0,D4/D11) -> 1
A17: Defectos por severidad | B17: Reportados | D17: Abiertos
A18: Crítica | B18: =COUNTIF('Bug Tracker'!$F$2:$F$200,A18) -> 0 | D18: =COUNTIFS('Bug Tracker'!$F$2:$F$200,A18,'Bug Tracker'!$H$2:$H$200,"<>Cerrado") -> 0
A19: Alta | B19: =COUNTIF('Bug Tracker'!$F$2:$F$200,A19) -> 2 | D19: =COUNTIFS('Bug Tracker'!$F$2:$F$200,A19,'Bug Tracker'!$H$2:$H$200,"<>Cerrado") -> 0
A20: Media | B20: =COUNTIF('Bug Tracker'!$F$2:$F$200,A20) -> 3 | D20: =COUNTIFS('Bug Tracker'!$F$2:$F$200,A20,'Bug Tracker'!$H$2:$H$200,"<>Cerrado") -> 0
A21: Baja | B21: =COUNTIF('Bug Tracker'!$F$2:$F$200,A21) -> 1 | D21: =COUNTIFS('Bug Tracker'!$F$2:$F$200,A21,'Bug Tracker'!$H$2:$H$200,"<>Cerrado") -> 0
A22: Total defectos | B22: =SUM(B18:B21) -> 6 | D22: =SUM(D18:D21) -> 0
A23: Densidad (defectos / caso ejecutado en ciclo 1) | B23: =IF(B12=0,0,B22/B12) -> 0.16216216
A25: Ciclo 1 = primera ejecución de los 40 casos (julio–octubre 2026). Final = estado tras corregir los 6 defectos y re-ejecutar los casos afectados el 20/10/2026. TC-REQ002-001 y TC-REQ002-006 (tara) y TC-REQ005-005 (filtros combinados / Pairwise) quedan fuera del alcance de esta versión por decisión del equipo. Los casos REQ005 de filtros/exportación se ejecutaron sobre el reporte de Pedidos.

Sheet TSR
A1: FORMATO 5 – EVALUACIÓN DE CRITERIOS DE SALIDA (TSR)
A3: Métrica de Calidad | B3: Objetivo Planificado (MTP) | C3: Valor Final Obtenido | D3: Estado Criterio | E3: Especialista QA Evaluador | F3: Observaciones
A4: Cobertura de Requerimientos | B4: ≥ 90 % de REQ001–REQ005 con al menos un caso ejecutado (MTP 8.11) | C4: =((COUNTIFS('Log de Ejecución'!$B$2:$B$41,"REQ001*",'Log de Ejecución'!$O$2:$O$41,"Pass")+COUNTIFS('Log de Ejecución'!$B$2:$B$41,"REQ001*",'Log de Ejecución'!$O$2:$O$41,"Fail")>0)+(COUNTIFS('Log de Ejecución'!$B$2:$B$41,"REQ002*",'Log de Ejecución'!$O$2:$O$41,"Pass")+COUNTIFS('Log de Ejecución'!$B$2:$B$41,"REQ002*",'Log de Ejecución'!$O$2:$O$41,"Fail")>0)+(COUNTIFS('Log de Ejecución'!$B$2:$B$41,"REQ003*",'Log de Ejecución'!$O$2:$O$41,"Pass")+COUNTIFS('Log de Ejecución'!$B$2:$B$41,"REQ003*",'Log de Ejecución'!$O$2:$O$41,"Fail")>0)+(COUNTIFS('Log de Ejecución'!$B$2:$B$41,"REQ004*",'Log de Ejecución'!$O$2:$O$41,"Pass")+COUNTIFS('Log de Ejecución'!$B$2:$B$41,"REQ004*",'Log de Ejecución'!$O$2:$O$41,"Fail")>0)+(COUNTIFS('Log de Ejecución'!$B$2:$B$41,"REQ005*",'Log de Ejecución'!$O$2:$O$41,"Pass")+COUNTIFS('Log de Ejecución'!$B$2:$B$41,"REQ005*",'Log de Ejecución'!$O$2:$O$41,"Fail")>0))/5 -> 1 | D4: =IF(C4>=0.9,"Cumplido","No Cumplido") -> Cumplido | E4: Samuel Canastuj | F4: Los 5 requerimientos tienen casos ejecutados y registrados en la RTM Final.
A5: Porcentaje de Ejecución – casos de riesgo Alto/Crítico | B5: 100 % de los casos de riesgo Alto/Crítico (R-01 a R-05, R-08) ejecutados (MTP 8.11) | C5: =IF((COUNTIFS('Log de Ejecución'!$B$2:$B$41,"REQ001-A",'Log de Ejecución'!$N$2:$N$41,"<>N/A – fuera de alcance")+COUNTIFS('Log de Ejecución'!$B$2:$B$41,"REQ002-A",'Log de Ejecución'!$N$2:$N$41,"<>N/A – fuera de alcance")+COUNTIFS('Log de Ejecución'!$B$2:$B$41,"REQ002-B",'Log de Ejecución'!$N$2:$N$41,"<>N/A – fuera de alcance")+COUNTIFS('Log de Ejecución'!$B$2:$B$41,"REQ003-A",'Log de Ejecución'!$N$2:$N$41,"<>N/A – fuera de alcance")+COUNTIFS('Log de Ejecución'!$B$2:$B$41,"REQ003-B",'Log de Ejecución'!$N$2:$N$41,"<>N/A – fuera de alcance"))=0,0,(COUNTIFS('Log de Ejecución'!$B$2:$B$41,"REQ001-A",'Log de Ejecución'!$O$2:$O$41,"Pass")+COUNTIFS('Log de Ejecución'!$B$2:$B$41,"REQ001-A",'Log de Ejecución'!$O$2:$O$41,"Fail")+COUNTIFS('Log de Ejecución'!$B$2:$B$41,"REQ002-A",'Log de Ejecución'!$O$2:$O$41,"Pass")+COUNTIFS('Log de Ejecución'!$B$2:$B$41,"REQ002-A",'Log de Ejecución'!$O$2:$O$41,"Fail")+COUNTIFS('Log de Ejecución'!$B$2:$B$41,"REQ002-B",'Log de Ejecución'!$O$2:$O$41,"Pass")+COUNTIFS('Log de Ejecución'!$B$2:$B$41,"REQ002-B",'Log de Ejecución'!$O$2:$O$41,"Fail")+COUNTIFS('Log de Ejecución'!$B$2:$B$41,"REQ003-A",'Log de Ejecución'!$O$2:$O$41,"Pass")+COUNTIFS('Log de Ejecución'!$B$2:$B$41,"REQ003-A",'Log de Ejecución'!$O$2:$O$41,"Fail")+COUNTIFS('Log de Ejecución'!$B$2:$B$41,"REQ003-B",'Log de Ejecución'!$O$2:$O$41,"Pass")+COUNTIFS('Log de Ejecución'!$B$2:$B$41,"REQ003-B",'Log de Ejecución'!$O$2:$O$41,"Fail"))/(COUNTIFS('Log de Ejecución'!$B$2:$B$41,"REQ001-A",'Log de Ejecución'!$N$2:$N$41,"<>N/A – fuera de alcance")+COUNTIFS('Log de Ejecución'!$B$2:$B$41,"REQ002-A",'Log de Ejecución'!$N$2:$N$41,"<>N/A – fuera de alcance")+COUNTIFS('Log de Ejecución'!$B$2:$B$41,"REQ002-B",'Log de Ejecución'!$N$2:$N$41,"<>N/A – fuera de alcance")+COUNTIFS('Log de Ejecución'!$B$2:$B$41,"REQ003-A",'Log de Ejecución'!$N$2:$N$41,"<>N/A – fuera de alcance")+COUNTIFS('Log de Ejecución'!$B$2:$B$41,"REQ003-B",'Log de Ejecución'!$N$2:$N$41,"<>N/A – fuera de alcance"))) -> 1 | D5: =IF(C5>=1,"Cumplido","No Cumplido") -> Cumplido | E5: Dennis Cornel | F5: Casos de REQ001-A, REQ002 y REQ003 dentro del alcance (los 2 casos de tara quedan fuera del alcance de esta versión).
A6: Porcentaje de Ejecución – total en alcance | B6: 100 % de los casos planificados en alcance | C6: ='Resumen de Ejecución'!D13 -> 1 | D6: =IF(C6>=1,"Cumplido","No Cumplido") -> Cumplido | E6: Yefferson Valenzuela | F6: Los 3 casos fuera de alcance (2 de tara y TC-REQ005-005 de filtros combinados) se excluyen del denominador por decisión del equipo; todos los casos en alcance se ejecutaron.
A7: Defectos Críticos abiertos | B7: 0 defectos de severidad Crítica abiertos (MTP 8.11) | C7: ='Resumen de Ejecución'!D18 -> 0 | D7: =IF(C7=0,"Cumplido","No Cumplido") -> Cumplido | E7: Samuel Canastuj | F7: No se reportaron defectos de severidad Crítica.
A8: Defectos Altos abiertos | B8: Máximo 2 defectos Altos abiertos, con plan de mitigación (MTP 8.11) | C8: ='Resumen de Ejecución'!D19 -> 0 | D8: =IF(C8<=2,"Cumplido","No Cumplido") -> Cumplido | E8: Dennis Cornel | F8: Los 2 defectos Altos (BUG-CLI-01, BUG-PRO-01) fueron corregidos y verificados en regresión.
A9: Tasa de Éxito (Pass Rate) final | B9: ≥ 90 % (referencia del formato; el MTP no define este umbral) | C9: ='Resumen de Ejecución'!D14 -> 1 | D9: =IF(C9>=0.9,"Cumplido","No Cumplido") -> Cumplido | E9: Yefferson Valenzuela | F9: Tasa del ciclo 1 antes de corregir: ver Resumen de Ejecución (columna Ciclo 1).
A11: La asignación de Especialista QA Evaluador es una propuesta del equipo; el veredicto GO / NO-GO se registra en el Acta (Formato 6) del documento.

Sheet Bug Tracker
A1: ID del bug | B1: ID Caso | C1: Título del defecto | D1: Especialista QA | E1: Desarrollador Asignado | F1: Severidad | G1: Prioridad | H1: Estado | I1: Evidencias (detección) | J1: Pasos de Reproducción | K1: Fecha de reporte | L1: Corrección aplicada | M1: Fecha de cierre | N1: Evidencias (regresión)
A2: BUG-CLI-01 | B2: TC-REQ001-005 | C2: Catálogo de clientes permite registrar dos clientes con el mismo NIT | D2: Samuel Canastuj | E2: Equipo Desarrollo – Backend | F2: Alta | G2: Alta | H2: Cerrado | I2: Evidencia_BUG-CLI-01.png Evidencia_BUG-CLI-01_API.png qa_environment_error.log | J2: 1. Ingresar al módulo Clientes. 2. Pulsar "+ Agregar cliente". 3. Capturar Nombre "Cliente QA Duplicado" y NIT 1234567-8. 4. Pulsar "Crear cliente". 5. Buscar el NIT 1234567-8 en el listado de clientes. | K2: 46227 | L2: client.controller.js valida que el NIT no exista en otro cliente activo (comparación sin espacios ni distinción de mayúsculas) al crear y al editar; responde HTTP 409 "Ya existe un cliente activo con ese NIT". Los clientes eliminados (borrado lógico) no bloquean el NIT. | M2: 46315 | N2: Evidencia_BUG-CLI-01_regresion.png Evidencia_BUG-CLI-01_API_regresion.png qa_regresion.log
A3: BUG-REC-01 | B3: TC-REQ002-002 | C3: API de recepción acepta unidades con peso negativo, generando pesos netos inválidos | D3: Samuel Canastuj | E3: Equipo Desarrollo – Backend | F3: Media | G3: Media | H3: Cerrado | I3: Evidencia_BUG-REC-01.png Evidencia_BUG-REC-01_API.png qa_environment_error.log | J3: 1. Obtener el id de la entrada LOT-QA-002. 2. Enviar POST /api/entradas-mercancia/{id}/units con el cuerpo {"peso": -5}. 3. Consultar GET /api/entradas-mercancia/{id}/units. | K3: 46244 | L3: entradas_mercancia.controller.js exige peso > 0 en POST /units y en cada unidad enviada al crear la entrada; responde HTTP 400 "peso debe ser mayor a 0". | M3: 46315 | N3: Evidencia_BUG-REC-01_API_regresion.png qa_regresion.log
A4: BUG-PRO-01 | B4: TC-REQ003-002 | C4: Producción permite registrar merma mayor al peso de entrada de la etapa | D4: Yefferson Valenzuela | E4: Equipo Desarrollo – Backend | F4: Alta | G4: Alta | H4: Cerrado | I4: Evidencia_BUG-PRO-01.png Evidencia_BUG-PRO-01_listado.png Evidencia_BUG-PRO-01_API.png qa_environment_error.log | J4: 1. Ingresar a Producción y abrir el proceso de prueba con "Gestionar". 2. En la etapa "Corte" pulsar "Registrar merma". 3. Capturar tipo de merma y cantidad 60 kg. 4. Pulsar "Registrar merma" y revisar el balance de la etapa y del proceso. | K4: 46274 | L4: production.worker.js rechaza (HTTP 400) una merma cuyo acumulado supere la entrada de su etapa o lo ingresado al proceso, y no permite editar una etapa dejando su entrada por debajo de las mermas ya registradas. El límite exacto (merma = entrada) sigue permitido. | M4: 46315 | N4: Evidencia_BUG-PRO-01_regresion.png Evidencia_BUG-PRO-01_API_regresion.png qa_regresion.log
A5: BUG-PRO-02 | B5: TC-REQ003-008 | C5: Cierre de proceso acepta justificación compuesta solo por espacios | D5: Yefferson Valenzuela | E5: Equipo Desarrollo – Backend | F5: Media | G5: Media | H5: Cerrado | I5: Evidencia_BUG-PRO-02.png Evidencia_BUG-PRO-02_API.png qa_environment_error.log | J5: 1. Autenticarse en la API (POST /api/users/login) y obtener el token. 2. Enviar POST /api/produccion/procesos/{id}/finalizar con {"cantidad_producida_kg": 175, "justificacion_diferencia": ""} → control: HTTP 400. 3. Repetir la petición con "justificacion_diferencia": " " (tres espacios). 4. Buscar el proceso en Trazabilidad y revisar la "Diferencia de balance de masa". | K5: 46290 | L5: production.worker.js aplica trim() a la justificación de diferencia (finalizar) y a la de reversión mediante normalizeJustification; una cadena de solo espacios equivale a vacía (HTTP 400). La justificación válida se guarda sin espacios sobrantes. | M5: 46315 | N5: Evidencia_BUG-PRO-02_API_regresion.png qa_regresion.log
A6: BUG-REP-01 | B6: TC-REQ005-003 | C6: Los reportes no ofrecen exportación a Excel | D6: Samuel Canastuj | E6: Equipo Desarrollo – Frontend | F6: Media | G6: Media | H6: Cerrado | I6: Evidencia_BUG-REP-01.png qa_environment_error.log | J6: 1. Ingresar a Pedidos > Reportes. 2. Filtrar Desde 2026-10-01 y Hasta 2026-10-31. 3. Buscar una opción para exportar a Excel. | K6: 46314 | L6: OrdersModule.jsx agrega el botón "Descargar Excel" (librería exceljs, carga diferida) que genera el reporte con hojas Resumen, Por cliente, Por producto y Detalle; cantidades y montos como números y fila Total con fórmula. PDF y Excel comparten el mismo cálculo (summarizeOrdersReport). | M6: 46315 | N6: Evidencia_BUG-REP-01_regresion.png Evidencia_BUG-REP-01_API_regresion.png qa_regresion.log
A7: BUG-REP-02 | B7: TC-REQ005-004 | C7: API de reportes acepta intervalo de fechas invertido sin error de validación | D7: Dennis Cornel | E7: Equipo Desarrollo – Backend | F7: Baja | G7: Media | H7: Cerrado | I7: Evidencia_BUG-REP-02.png Evidencia_BUG-REP-02_API.png qa_environment_error.log | J7: 1. Enviar GET /api/pedidos/reportes/compras-por-cliente?desde=2026-10-15&hasta=2026-10-10. 2. Revisar código y cuerpo de la respuesta. 3. Repetir en Trazabilidad > Búsqueda avanzada con Desde 15/10/2026 y Hasta 10/10/2026. | K7: 46315 | L7: order.controller.js (todos los reportes de pedidos) y traceability.controller.js responden HTTP 400 si desde > hasta; TraceabilityModule.jsx valida el rango antes de consultar. | M7: 46315 | N7: Evidencia_BUG-REP-02_regresion.png Evidencia_BUG-REP-02_API_regresion.png qa_regresion.log

Sheet Fichas de Defectos
A1: DETALLE TÉCNICO DE DEFECTOS (una ficha por cada bug del Bug Tracker)
A3: BUG-CLI-01 — Catálogo de clientes permite registrar dos clientes con el mismo NIT
A4: ID Defecto | B4: BUG-CLI-01
A5: Título | B5: Catálogo de clientes permite registrar dos clientes con el mismo NIT
A6: Caso de prueba asociado | B6: TC-REQ001-005
A7: Especialista QA Reportador | B7: Samuel Canastuj
A8: Fecha de reporte | B8: 46227
A9: Desarrollador Asignado | B9: Equipo Desarrollo – Backend
A10: Severidad / Prioridad | B10: Alta / Alta
A11: Ambiente de Prueba | B11: QA local – API Node.js/Express (commit 7c6cfb7) + MariaDB 10.4.32 (XAMPP) sobre una copia aislada de la BD (proyecto_graduacion_qa); Frontend React/Vite en Google Chrome (Playwright).
A12: Precondiciones | B12: Usuario Administrador autenticado; cliente "Cliente QA Original" activo con NIT 1234567-8.
A13: Pasos para Reproducir | B13: 1. Ingresar al módulo Clientes. 2. Pulsar "+ Agregar cliente". 3. Capturar Nombre "Cliente QA Duplicado" y NIT 1234567-8. 4. Pulsar "Crear cliente". 5. Buscar el NIT 1234567-8 en el listado de clientes.
A14: Resultado Esperado | B14: El sistema rechaza el registro con un mensaje de NIT duplicado y conserva un único cliente con ese NIT.
A15: Resultado Obtenido | B15: El cliente se guarda (HTTP 201) y el listado muestra varios clientes activos con NIT 1234567-8.
A16: Análisis técnico (causa) | B16: La columna clientes.nit_facturacion no tiene restricción de unicidad y client.worker.js (create/update) no verifica si el NIT ya existe.
A17: Evidencia Adjunta | B17: Evidencia_BUG-CLI-01.png; Evidencia_BUG-CLI-01_API.png (capturas con anotación del error); log HTTP: qa_environment_error.log
A18: Corrección aplicada | B18: client.controller.js valida que el NIT no exista en otro cliente activo (comparación sin espacios ni distinción de mayúsculas) al crear y al editar; responde HTTP 409 "Ya existe un cliente activo con ese NIT". Los clientes eliminados (borrado lógico) no bloquean el NIT.
A19: Resultado de la regresión | B19: Re-ejecutado: el segundo cliente con NIT 1234567-8 fue rechazado (HTTP 409) por API y por la pantalla; solo existe el cliente original. Pruebas automatizadas de regresión: tests/api/qa_defects.api.test.js (Vitest + Supertest), suite completa del backend en verde.
A20: Evidencia de la regresión | B20: Evidencia_BUG-CLI-01_regresion.png; Evidencia_BUG-CLI-01_API_regresion.png; log HTTP: qa_regresion.log
A21: Estado | B21: Cerrado (corregido y verificado en regresión el 20/10/2026)
A23: BUG-REC-01 — API de recepción acepta unidades con peso negativo, generando pesos netos inválidos
A24: ID Defecto | B24: BUG-REC-01
A25: Título | B25: API de recepción acepta unidades con peso negativo, generando pesos netos inválidos
A26: Caso de prueba asociado | B26: TC-REQ002-002
A27: Especialista QA Reportador | B27: Samuel Canastuj
A28: Fecha de reporte | B28: 46244
A29: Desarrollador Asignado | B29: Equipo Desarrollo – Backend
A30: Severidad / Prioridad | B30: Media / Media
A31: Ambiente de Prueba | B31: QA local – API Node.js/Express (commit 7c6cfb7) + MariaDB 10.4.32 (XAMPP) sobre una copia aislada de la BD (proyecto_graduacion_qa); Frontend React/Vite en Google Chrome (Playwright).
A32: Precondiciones | B32: Usuario con rol de Recepción autenticado; entrada de mercancía LOT-QA-002 creada con una unidad de 20 kg.
A33: Pasos para Reproducir | B33: 1. Obtener el id de la entrada LOT-QA-002. 2. Enviar POST /api/entradas-mercancia/{id}/units con el cuerpo {"peso": -5}. 3. Consultar GET /api/entradas-mercancia/{id}/units.
A34: Resultado Esperado | B34: La API responde HTTP 400 indicando que el peso debe ser mayor a 0 y no registra la unidad.
A35: Resultado Obtenido | B35: La API responde HTTP 201 y la unidad queda registrada con peso −5 kg.
A36: Análisis técnico (causa) | B36: createUnitForEntrada (entradas_mercancia.controller.js) solo validaba que el peso fuera numérico, sin exigir peso > 0.
A37: Evidencia Adjunta | B37: Evidencia_BUG-REC-01.png; Evidencia_BUG-REC-01_API.png (capturas con anotación del error); log HTTP: qa_environment_error.log
A38: Corrección aplicada | B38: entradas_mercancia.controller.js exige peso > 0 en POST /units y en cada unidad enviada al crear la entrada; responde HTTP 400 "peso debe ser mayor a 0".
A39: Resultado de la regresión | B39: Re-ejecutado: POST /units con peso −5 kg rechazado (HTTP 400); la unidad no se registra. Pruebas automatizadas de regresión: tests/api/qa_defects.api.test.js (Vitest + Supertest), suite completa del backend en verde.
A40: Evidencia de la regresión | B40: Evidencia_BUG-REC-01_API_regresion.png; log HTTP: qa_regresion.log
A41: Estado | B41: Cerrado (corregido y verificado en regresión el 20/10/2026)
A43: BUG-PRO-01 — Producción permite registrar merma mayor al peso de entrada de la etapa
A44: ID Defecto | B44: BUG-PRO-01
A45: Título | B45: Producción permite registrar merma mayor al peso de entrada de la etapa
A46: Caso de prueba asociado | B46: TC-REQ003-002
A47: Especialista QA Reportador | B47: Yefferson Valenzuela
A48: Fecha de reporte | B48: 46274
A49: Desarrollador Asignado | B49: Equipo Desarrollo – Backend
A50: Severidad / Prioridad | B50: Alta / Alta
A51: Ambiente de Prueba | B51: QA local – API Node.js/Express (commit 7c6cfb7) + MariaDB 10.4.32 (XAMPP) sobre una copia aislada de la BD (proyecto_graduacion_qa); Frontend React/Vite en Google Chrome (Playwright).
A52: Precondiciones | B52: Proceso de producción activo con etapa "Corte" registrada con 50 kg de entrada.
A53: Pasos para Reproducir | B53: 1. Ingresar a Producción y abrir el proceso de prueba con "Gestionar". 2. En la etapa "Corte" pulsar "Registrar merma". 3. Capturar tipo de merma y cantidad 60 kg. 4. Pulsar "Registrar merma" y revisar el balance de la etapa y del proceso.
A54: Resultado Esperado | B54: El sistema rechaza la merma porque supera los 50 kg de entrada de la etapa.
A55: Resultado Obtenido | B55: La merma de 60 kg se guarda (HTTP 201); la salida de la etapa se fuerza a 0 kg y el balance del proceso queda en −10 kg.
A56: Análisis técnico (causa) | B56: productionProcesses.addMerma (production.worker.js) insertaba la merma sin comparar el acumulado contra la entrada; recomputeStageMermaAndSalida ocultaba el exceso con Math.max(0, …).
A57: Evidencia Adjunta | B57: Evidencia_BUG-PRO-01.png; Evidencia_BUG-PRO-01_listado.png; Evidencia_BUG-PRO-01_API.png (capturas con anotación del error); log HTTP: qa_environment_error.log
A58: Corrección aplicada | B58: production.worker.js rechaza (HTTP 400) una merma cuyo acumulado supere la entrada de su etapa o lo ingresado al proceso, y no permite editar una etapa dejando su entrada por debajo de las mermas ya registradas. El límite exacto (merma = entrada) sigue permitido.
A59: Resultado de la regresión | B59: Re-ejecutado: la merma de 60 kg sobre la etapa Corte de 50 kg se rechaza (HTTP 400) por API y por la pantalla; la etapa no registra la merma. Pruebas automatizadas de regresión: tests/api/qa_defects.api.test.js (Vitest + Supertest), suite completa del backend en verde.
A60: Evidencia de la regresión | B60: Evidencia_BUG-PRO-01_regresion.png; Evidencia_BUG-PRO-01_API_regresion.png; log HTTP: qa_regresion.log
A61: Estado | B61: Cerrado (corregido y verificado en regresión el 20/10/2026)
A63: BUG-PRO-02 — Cierre de proceso acepta justificación compuesta solo por espacios
A64: ID Defecto | B64: BUG-PRO-02
A65: Título | B65: Cierre de proceso acepta justificación compuesta solo por espacios
A66: Caso de prueba asociado | B66: TC-REQ003-008
A67: Especialista QA Reportador | B67: Yefferson Valenzuela
A68: Fecha de reporte | B68: 46290
A69: Desarrollador Asignado | B69: Equipo Desarrollo – Backend
A70: Severidad / Prioridad | B70: Media / Media
A71: Ambiente de Prueba | B71: QA local – API Node.js/Express (commit 7c6cfb7) + MariaDB 10.4.32 (XAMPP) sobre una copia aislada de la BD (proyecto_graduacion_qa); Frontend React/Vite en Google Chrome (Playwright).
A72: Precondiciones | B72: Token de Administrador; proceso PROD-QA-008 en curso: entrada 200 kg, mermas 20 kg y etapas requeridas (Pelado, Corte) registradas.
A73: Pasos para Reproducir | B73: 1. Autenticarse en la API (POST /api/users/login) y obtener el token. 2. Enviar POST /api/produccion/procesos/{id}/finalizar con {"cantidad_producida_kg": 175, "justificacion_diferencia": ""} → control: HTTP 400. 3. Repetir la petición con "justificacion_diferencia": " " (tres espacios). 4. Buscar el proceso en Trazabilidad y revisar la "Diferencia de balance de masa".
A74: Resultado Esperado | B74: El sistema trata la justificación como vacía y bloquea el cierre por diferencia de 5 kg sin justificar.
A75: Resultado Obtenido | B75: La API responde HTTP 200: el proceso queda Finalizado con diferencia de 5.00 kg y justificación " ". El formulario web sí recorta los espacios; el defecto se reproduce al consumir la API.
A76: Análisis técnico (causa) | B76: normalizeNullableText (workers/shared/helpers.js) no aplicaba trim(); la validación existía solo en el frontend.
A77: Evidencia Adjunta | B77: Evidencia_BUG-PRO-02.png; Evidencia_BUG-PRO-02_API.png (capturas con anotación del error); log HTTP: qa_environment_error.log
A78: Corrección aplicada | B78: production.worker.js aplica trim() a la justificación de diferencia (finalizar) y a la de reversión mediante normalizeJustification; una cadena de solo espacios equivale a vacía (HTTP 400). La justificación válida se guarda sin espacios sobrantes.
A79: Resultado de la regresión | B79: Re-ejecutado vía API: la justificación " " se rechaza (HTTP 400); con una justificación real el cierre se acepta (HTTP 200). Pruebas automatizadas de regresión: tests/api/qa_defects.api.test.js (Vitest + Supertest), suite completa del backend en verde.
A80: Evidencia de la regresión | B80: Evidencia_BUG-PRO-02_API_regresion.png; log HTTP: qa_regresion.log
A81: Estado | B81: Cerrado (corregido y verificado en regresión el 20/10/2026)
A83: BUG-REP-01 — Los reportes no ofrecen exportación a Excel
A84: ID Defecto | B84: BUG-REP-01
A85: Título | B85: Los reportes no ofrecen exportación a Excel
A86: Caso de prueba asociado | B86: TC-REQ005-003
A87: Especialista QA Reportador | B87: Samuel Canastuj
A88: Fecha de reporte | B88: 46314
A89: Desarrollador Asignado | B89: Equipo Desarrollo – Frontend
A90: Severidad / Prioridad | B90: Media / Media
A91: Ambiente de Prueba | B91: QA local – API Node.js/Express (commit 7c6cfb7) + MariaDB 10.4.32 (XAMPP) sobre una copia aislada de la BD (proyecto_graduacion_qa); Frontend React/Vite en Google Chrome (Playwright).
A92: Precondiciones | B92: Usuario Administrador autenticado; pedidos registrados entre el 01 y el 31/10/2026.
A93: Pasos para Reproducir | B93: 1. Ingresar a Pedidos > Reportes. 2. Filtrar Desde 2026-10-01 y Hasta 2026-10-31. 3. Buscar una opción para exportar a Excel.
A94: Resultado Esperado | B94: Existe una opción de exportación a Excel que conserva filas, cantidades y total del reporte.
A95: Resultado Obtenido | B95: Solo está disponible "Descargar PDF"; ningún módulo ofrece exportación .xlsx.
A96: Análisis técnico (causa) | B96: El frontend no incluía ninguna función de exportación a hoja de cálculo; solo generaba PDF con jsPDF.
A97: Evidencia Adjunta | B97: Evidencia_BUG-REP-01.png (capturas con anotación del error); log HTTP: qa_environment_error.log
A98: Corrección aplicada | B98: OrdersModule.jsx agrega el botón "Descargar Excel" (librería exceljs, carga diferida) que genera el reporte con hojas Resumen, Por cliente, Por producto y Detalle; cantidades y montos como números y fila Total con fórmula. PDF y Excel comparten el mismo cálculo (summarizeOrdersReport).
A99: Resultado de la regresión | B99: Re-ejecutado: "Descargar Excel" generó reporte_pedidos_2026-10-01_2026-10-31.xlsx; abre en Excel con 4 hojas, cantidades por producto idénticas a la pantalla y total Q1,614.00 igual al resumen. Pruebas automatizadas de regresión: tests/api/qa_defects.api.test.js (Vitest + Supertest), suite completa del backend en verde.
A100: Evidencia de la regresión | B100: Evidencia_BUG-REP-01_regresion.png; Evidencia_BUG-REP-01_API_regresion.png; log HTTP: qa_regresion.log
A101: Estado | B101: Cerrado (corregido y verificado en regresión el 20/10/2026)
A103: BUG-REP-02 — API de reportes acepta intervalo de fechas invertido sin error de validación
A104: ID Defecto | B104: BUG-REP-02
A105: Título | B105: API de reportes acepta intervalo de fechas invertido sin error de validación
A106: Caso de prueba asociado | B106: TC-REQ005-004
...

Sheet Evidencias
A1: ID del bug | B1: ID Caso | C1: Momento | D1: Tipo | E1: Archivo (clic para abrir) | F1: Qué muestra
A2: BUG-CLI-01 | B2: TC-REQ001-005 | C2: Detección | D2: Pantalla | E2: ../03_EVIDENCIAS_Y_MOCKDATA/Capturas_Bugs/Evidencia_BUG-CLI-01.png | F2: Clientes: mensaje de éxito y 3 clientes activos con NIT 1234567-8
A3: BUG-CLI-01 | B3: TC-REQ001-005 | C3: Detección | D3: API | E3: ../03_EVIDENCIAS_Y_MOCKDATA/Capturas_Bugs/Evidencia_BUG-CLI-01_API.png | F3: POST /api/clientes con NIT repetido → HTTP 201
A4: BUG-CLI-01 | B4: TC-REQ001-005 | C4: Detección | D4: Log | E4: ../03_EVIDENCIAS_Y_MOCKDATA/Logs_Consola_Servidor/qa_environment_error.log | F4: Peticiones y respuestas HTTP completas
A5: BUG-CLI-01 | B5: TC-REQ001-005 | C5: Regresión | D5: Pantalla | E5: ../03_EVIDENCIAS_Y_MOCKDATA/Capturas_Bugs/Evidencia_BUG-CLI-01_regresion.png | F5: Clientes: "Ya existe un cliente activo con ese NIT"; no se crea el cliente
A6: BUG-CLI-01 | B6: TC-REQ001-005 | C6: Regresión | D6: API | E6: ../03_EVIDENCIAS_Y_MOCKDATA/Capturas_Bugs/Evidencia_BUG-CLI-01_API_regresion.png | F6: POST /api/clientes con NIT repetido → HTTP 409
A7: BUG-CLI-01 | B7: TC-REQ001-005 | C7: Regresión | D7: Log | E7: ../03_EVIDENCIAS_Y_MOCKDATA/Logs_Consola_Servidor/qa_regresion.log | F7: Peticiones y respuestas HTTP completas
A8: BUG-REC-01 | B8: TC-REQ002-002 | C8: Detección | D8: Pantalla | E8: ../03_EVIDENCIAS_Y_MOCKDATA/Capturas_Bugs/Evidencia_BUG-REC-01.png | F8: Detalle de entrada #28: unidad con peso −5.000
A9: BUG-REC-01 | B9: TC-REQ002-002 | C9: Detección | D9: API | E9: ../03_EVIDENCIAS_Y_MOCKDATA/Capturas_Bugs/Evidencia_BUG-REC-01_API.png | F9: POST /units {"peso": -5} → HTTP 201
A10: BUG-REC-01 | B10: TC-REQ002-002 | C10: Detección | D10: Log | E10: ../03_EVIDENCIAS_Y_MOCKDATA/Logs_Consola_Servidor/qa_environment_error.log | F10: Peticiones y respuestas HTTP completas
A11: BUG-REC-01 | B11: TC-REQ002-002 | C11: Regresión | D11: API | E11: ../03_EVIDENCIAS_Y_MOCKDATA/Capturas_Bugs/Evidencia_BUG-REC-01_API_regresion.png | F11: POST /units {"peso": -5} → HTTP 400
A12: BUG-REC-01 | B12: TC-REQ002-002 | C12: Regresión | D12: Log | E12: ../03_EVIDENCIAS_Y_MOCKDATA/Logs_Consola_Servidor/qa_regresion.log | F12: Peticiones y respuestas HTTP completas
... A35: BUG-REP-02 | B35: TC-REQ005-004 | C35: Regresión | D35: Log | E35: ../03_EVIDENCIAS_Y_MOCKDATA/Logs_Consola_Servidor/qa_regresion.log | F35: Peticiones y respuestas HTTP completas
A37: Rutas relativas a la carpeta del Excel: las evidencias están en ../03_EVIDENCIAS_Y_MOCKDATA/. Mantener la estructura de carpetas de la entrega para que los enlaces funcionen.
